timeTick, stateX, stateY, stateZ, stateVX, stateVY, stateVZ, motor1, motor2, motor3, motor4, yaw, pitch
13049, -1.040172815322876, -0.18735362589359283, 0.022254956886172295, -0.019496291875839233, 0.10623228549957275, -0.39142680168151855, 0, 0, 0, 0, 0, 0
13070, -1.0396497249603271, -0.18993069231510162, 0.00968642346560955, 0.04788367450237274, -0.25525543093681335, -0.564798891544342, 0.0, 0.0, 0.0, 0.0, 10.452192306518555, 2.0027451515197754
13090, -1.0390114784240723, -0.19539423286914825, -0.003421782050281763, 0.06983032822608948, -0.4696444869041443, -0.7333149909973145, 7000.0, 7000.0, 7000.0, 7000.0, 5.846070766448975, 4.24117374420166
13112, -1.0380061864852905, -0.20233696699142456, -0.01787620410323143, 0.08833145350217819, -0.6325233578681946, -0.9506263732910156, 7000.0, 7000.0, 7000.0, 7000.0, 5.124626636505127, 4.981467247009277
13131, -1.0367790460586548, -0.21385738253593445, 0.002059707185253501, 0.10150624066591263, -0.8681421279907227, -0.9487329125404358, 7000.0, 7000.0, 7000.0, 7000.0, 4.965784549713135, 5.196963787078857
13149, -1.0354902744293213, -0.2241276502609253, -0.018260186538100243, 0.11698552966117859, -1.009222388267517, -1.163589596748352, 7000.0, 7000.0, 7000.0, 7000.0, 4.8890700340271, 5.217391490936279
13170, -1.0337145328521729, -0.23797783255577087, -0.04699932783842087, 0.1292022168636322, -1.0773375034332275, -1.4967949390411377, 7000.0, 7000.0, 7000.0, 7000.0, 4.661543369293213, 5.341726303100586
13189, -1.0324785709381104, -0.25095847249031067, -0.07254248112440109, 0.13941434025764465, -1.2127711772918701, -1.6556620597839355, 7000.0, 7000.0, 7000.0, 7000.0, 4.55352783203125, 5.3907151222229
13209, -1.0315606594085693, -0.26286688446998596, -0.09437642246484756, 0.14444975554943085, -1.3675901889801025, -1.7211724519729614, 7000.0, 7000.0, 7000.0, 7000.0, 4.192936420440674, 5.6804518699646
13229, -1.0302823781967163, -0.28461965918540955, -0.10821186751127243, 0.14808714389801025, -1.6724597215652466, -1.5478626489639282, 7000.0, 7000.0, 7000.0, 7000.0, 4.263455390930176, 5.691314697265625
13249, -1.0301183462142944, -0.28197139501571655, -0.13242031633853912, 0.14667369425296783, -1.4632285833358765, -1.8883651494979858, 7000.0, 7000.0, 7000.0, 7000.0, 4.748301982879639, 5.298784255981445
13271, -1.029771089553833, -0.28604406118392944, -0.14517517387866974, 0.14660194516181946, -1.4859683513641357, -1.9099900722503662, 7000.0, 7000.0, 7000.0, 7000.0, 4.285339832305908, 5.599492073059082
13289, -1.0285648107528687, -0.30393168330192566, -0.16113874316215515, 0.1514231115579605, -1.6908618211746216, -1.8411434888839722, 7000.0, 7000.0, 7000.0, 7000.0, 4.252955436706543, 5.612311363220215
13311, -1.0285372734069824, -0.3005019426345825, -0.025406699627637863, 0.14964963495731354, -1.5792618989944458, -1.2457669973373413, 7000.0, 7000.0, 7000.0, 7000.0, 4.308993339538574, 5.711690902709961
13331, -1.027902364730835, -0.3090388774871826, -0.051307231187820435, 0.15001323819160461, -1.5800564289093018, -1.4819036722183228, 7000.0, 7000.0, 7000.0, 7000.0, 4.0956525802612305, 5.770999908447266
13349, -1.0279394388198853, -0.31545785069465637, -0.06977476179599762, 0.14558444917201996, -1.717865228652954, -1.4111993312835693, 7000.0, 7000.0, 7000.0, 7000.0, 3.98898983001709, 5.735500812530518
13370, -1.0291515588760376, -0.3050896227359772, -0.07616271823644638, 0.1359863579273224, -1.6977262496948242, -1.3710200786590576, 7000.0, 7000.0, 7000.0, 7000.0, 4.072536468505859, 5.758051872253418
13390, -1.0297834873199463, -0.3226790726184845, -0.03745167702436447, 0.11340530961751938, -1.8900415897369385, -0.5881494879722595, 7000.0, 7000.0, 7000.0, 7000.0, 5.20273494720459, 4.785658836364746
13410, -1.0308490991592407, -0.3333892226219177, -0.011873433366417885, 0.09096099436283112, -1.7893575429916382, -0.1613219827413559, 7000.0, 7000.0, 7000.0, 7000.0, 6.064371109008789, 3.029754161834717
13434, -1.028075098991394, -0.34756821393966675, -0.025204217061400414, 0.1443004310131073, -1.618300437927246, -1.3701417446136475, 7000.0, 7000.0, 7000.0, 7000.0, 6.067964553833008, 3.361957311630249
13451, -1.0282446146011353, -0.33820629119873047, -0.037547074258327484, 0.1411151885986328, -1.5400081872940063, -1.4483709335327148, 7000.0, 7000.0, 7000.0, 7000.0, 5.0320258140563965, 5.1655755043029785
13473, -1.029231071472168, -0.3206717073917389, -0.06972499191761017, 0.12893564999103546, -1.380233883857727, -1.670028805732727, 7000.0, 7000.0, 7000.0, 7000.0, 4.6933770179748535, 5.366374969482422
13490, -1.0282633304595947, -0.32327836751937866, -0.11058062314987183, 0.1302778422832489, -1.235059142112732, -2.0165655612945557, 7000.0, 7000.0, 7000.0, 7000.0, 4.7095136642456055, 5.2792558670043945
13512, -1.028824806213379, -0.31144213676452637, -0.13786834478378296, 0.1261785477399826, -1.131067156791687, -2.122710704803467, 7000.0, 7000.0, 7000.0, 7000.0, 4.148726940155029, 5.649675369262695
13532, -1.0292906761169434, -0.30262768268585205, -0.1592148393392563, 0.12272411584854126, -1.1539182662963867, -2.1270265579223633, 7000.0, 7000.0, 7000.0, 7000.0, 4.5053300857543945, 5.451038360595703
13551, -1.0289145708084106, -0.310291051864624, -0.1816359907388687, 0.12336411327123642, -1.3612127304077148, -2.0808331966400146, 7000.0, 7000.0, 7000.0, 7000.0, 4.492252826690674, 5.409372806549072
13570, -1.0298385620117188, -0.3001788854598999, -0.18802055716514587, 0.11577217280864716, -1.3263154029846191, -2.021686553955078, 7000.0, 7000.0, 7000.0, 7000.0, 4.759102821350098, 5.179405689239502
13590, -1.0289223194122314, -0.30155473947525024, -0.2177947759628296, 0.12486685067415237, -1.208457112312317, -2.24562406539917, 7000.0, 7000.0, 7000.0, 7000.0, 4.3900651931762695, 5.322343349456787
13610, -1.0291050672531128, -0.30475544929504395, -0.2214692085981369, 0.1250254213809967, -1.3991296291351318, -2.0827293395996094, 7000.0, 7000.0, 7000.0, 7000.0, 4.369576454162598, 5.493310928344727
13629, -1.0291467905044556, -0.3018931448459625, -0.2266691029071808, 0.1276526004076004, -1.425106167793274, -2.0501394271850586, 7000.0, 7000.0, 7000.0, 7000.0, 4.365640163421631, 5.627768039703369
13649, -1.0293561220169067, -0.29661619663238525, -0.23348358273506165, 0.12399277091026306, -1.323021411895752, -2.1424763202667236, 7000.0, 7000.0, 7000.0, 7000.0, 4.050477027893066, 5.8421125411987305
13672, -1.0306533575057983, -0.28311365842819214, -0.2169160395860672, 0.11427516490221024, -1.2184906005859375, -2.0672965049743652, 7000.0, 7000.0, 7000.0, 7000.0, 4.466499328613281, 5.470510005950928
13690, -1.030678153038025, -0.28281277418136597, -0.21361729502677917, 0.11805718392133713, -1.2631949186325073, -2.0145514011383057, 7000.0, 7000.0, 7000.0, 7000.0, 3.7764062881469727, 5.791208744049072
13710, -1.0306594371795654, -0.28907936811447144, -0.2069379985332489, 0.12067009508609772, -1.487103819847107, -1.7926523685455322, 7000.0, 7000.0, 7000.0, 7000.0, 4.50459098815918, 5.518712043762207
13731, -1.0298163890838623, -0.29306191205978394, -0.2181447446346283, 0.1309596598148346, -1.3505111932754517, -2.0164477825164795, 7000.0, 7000.0, 7000.0, 7000.0, 4.261816501617432, 5.824780464172363
13749, -1.0296589136123657, -0.2985979914665222, -0.02715965174138546, 0.1330687552690506, -1.4762942790985107, -1.152050495147705, 7000.0, 7000.0, 7000.0, 7000.0, 4.751231670379639, 5.6014723777771
13770, -1.0304352045059204, -0.29513341188430786, -0.044355377554893494, 0.12140070647001266, -1.4865635633468628, -1.168764591217041, 7000.0, 7000.0, 7000.0, 7000.0, 4.148107051849365, 5.836971282958984
13790, -1.0307215452194214, -0.29661065340042114, -0.060568708926439285, 0.11781510710716248, -1.5341825485229492, -1.2071585655212402, 7000.0, 7000.0, 7000.0, 7000.0, 4.4299397468566895, 5.525915622711182
13809, -1.0304630994796753, -0.3010859489440918, -0.08474935591220856, 0.12241348624229431, -1.5154592990875244, -1.444545865058899, 7000.0, 7000.0, 7000.0, 7000.0, 4.370195388793945, 5.614723205566406
13829, -1.0299676656723022, -0.3076286315917969, -0.10978050529956818, 0.12694847583770752, -1.5661484003067017, -1.5882960557937622, 7000.0, 7000.0, 7000.0, 7000.0, 4.6344685554504395, 5.384631156921387
13849, -1.0298035144805908, -0.3030233085155487, -0.1407318115234375, 0.1285279393196106, -1.3844740390777588, -1.9349985122680664, 7000.0, 7000.0, 7000.0, 7000.0, 4.690496444702148, 5.460907936096191
13870, -1.0303443670272827, -0.3003295361995697, -0.15231385827064514, 0.12493592500686646, -1.490734338760376, -1.8492199182510376, 7000.0, 7000.0, 7000.0, 7000.0, 4.652008533477783, 5.385312557220459
13889, -1.0303192138671875, -0.29700931906700134, -0.17421409487724304, 0.12635613977909088, -1.3961442708969116, -2.027646064758301, 7000.0, 7000.0, 7000.0, 7000.0, 4.142120361328125, 5.718308925628662
13909, -1.0310635566711426, -0.2884100079536438, -0.17297860980033875, 0.1216362714767456, -1.3371108770370483, -2.006709098815918, 7000.0, 7000.0, 7000.0, 7000.0, 4.584789276123047, 5.533382415771484
13929, -1.0311083793640137, -0.2936079204082489, -0.17922918498516083, 0.1207999438047409, -1.5339144468307495, -1.8584041595458984, 7000.0, 7000.0, 7000.0, 7000.0, 3.99578595161438, 5.747783184051514
13949, -1.0313091278076172, -0.29025670886039734, -0.18420343101024628, 0.12021131813526154, -1.4744206666946411, -1.8996233940124512, 7000.0, 7000.0, 7000.0, 7000.0, 4.4700212478637695, 5.545572757720947
13969, -1.0311845541000366, -0.28959572315216064, -0.18751665949821472, 0.12241162359714508, -1.4813313484191895, -1.885422706604004, 7000.0, 7000.0, 7000.0, 7000.0, 4.494149208068848, 5.523470401763916
13990, -1.0307267904281616, -0.29485735297203064, -0.19908441603183746, 0.12544673681259155, -1.5021107196807861, -1.9442256689071655, 7000.0, 7000.0, 7000.0, 7000.0, 4.0869221687316895, 5.800042629241943
14009, -1.0303215980529785, -0.3007327616214752, -0.20707029104232788, 0.12780822813510895, -1.5492056608200073, -1.9569694995880127, 7000.0, 7000.0, 7000.0, 7000.0, 4.065499782562256, 5.788385391235352
14031, -1.0305205583572388, -0.2981470227241516, -0.2032303512096405, 0.12665168941020966, -1.5272387266159058, -1.9277064800262451, 7000.0, 7000.0, 7000.0, 7000.0, 4.462535381317139, 5.529297351837158
14049, -1.0296549797058105, -0.31553012132644653, -0.21253018081188202, 0.12964701652526855, -1.71382737159729, -1.8491212129592896, 7000.0, 7000.0, 7000.0, 7000.0, 4.035529613494873, 5.768816947937012
14069, -1.029926061630249, -0.31735265254974365, -0.1987360566854477, 0.1283743679523468, -1.6353195905685425, -1.8189536333084106, 7000.0, 7000.0, 7000.0, 7000.0, 5.257494926452637, 4.746400833129883
14089, -1.0289307832717896, -0.31923025846481323, -0.05451890081167221, 0.14264138042926788, -1.555696725845337, -1.3923842906951904, 7000.0, 7000.0, 7000.0, 7000.0, 4.773867607116699, 5.28619909286499
14109, -1.0290356874465942, -0.3198532164096832, -0.0760132446885109, 0.13886678218841553, -1.587730050086975, -1.461158275604248, 7000.0, 7000.0, 7000.0, 7000.0, 4.196011066436768, 5.631458759307861
14129, -1.0283749103546143, -0.3203992247581482, -0.02959209308028221, 0.14469429850578308, -1.5543931722640991, -1.4565984010696411, 7000.0, 7000.0, 7000.0, 7000.0, 4.261752128601074, 5.756644248962402
14151, -1.0290601253509521, -0.31393709778785706, -0.054238539189100266, 0.13689137995243073, -1.5551180839538574, -1.534746527671814, 7000.0, 7000.0, 7000.0, 7000.0, 4.248991012573242, 5.758990287780762
14170, -1.0300121307373047, -0.3034071922302246, -0.06537842005491257, 0.13138480484485626, -1.5117861032485962, -1.5879976749420166, 7000.0, 7000.0, 7000.0, 7000.0, 4.445272445678711, 5.599292278289795
14190, -1.0301446914672852, -0.29999881982803345, -0.09358000755310059, 0.1285954862833023, -1.4931806325912476, -1.7613131999969482, 7000.0, 7000.0, 7000.0, 7000.0, 4.066258430480957, 5.799813747406006
14209, -1.0286362171173096, -0.31322231888771057, -0.13954244554042816, 0.13706031441688538, -1.4659708738327026, -2.1146697998046875, 7000.0, 7000.0, 7000.0, 7000.0, 4.421187400817871, 5.582799434661865
14232, -1.0291963815689087, -0.3119368851184845, -0.15728817880153656, 0.1358524113893509, -1.6423320770263672, -2.000046491622925, 7000.0, 7000.0, 7000.0, 7000.0, 4.168305397033691, 5.661748886108398
14251, -1.0291707515716553, -0.30993831157684326, -0.18065977096557617, 0.1375572830438614, -1.5870758295059204, -2.1192572116851807, 7000.0, 7000.0, 7000.0, 7000.0, 4.6531758308410645, 5.4247260093688965
14270, -1.0284340381622314, -0.31362202763557434, -0.21560943126678467, 0.1368141919374466, -1.4615658521652222, -2.3888888359069824, 7000.0, 7000.0, 7000.0, 7000.0, 4.5775933265686035, 5.578898906707764
14290, -1.0280932188034058, -0.3244476318359375, -0.22699721157550812, 0.14322279393672943, -1.734473705291748, -2.1982343196868896, 7000.0, 7000.0, 7000.0, 7000.0, 4.15537166595459, 5.6866254806518555
14309, -1.0293523073196411, -0.3061976134777069, -0.0373796671628952, 0.13509154319763184, -1.5495940446853638, -1.264546275138855, 7000.0, 7000.0, 7000.0, 7000.0, 4.636312484741211, 5.529569625854492
14329, -1.0290040969848633, -0.31076934933662415, -0.060929104685783386, 0.1360766589641571, -1.6082459688186646, -1.3994098901748657, 7000.0, 7000.0, 7000.0, 7000.0, 4.4864277839660645, 5.5955657958984375
14349, -1.0291203260421753, -0.3128470182418823, -0.09277904778718948, 0.1300155073404312, -1.5919640064239502, -1.6556733846664429, 7000.0, 7000.0, 7000.0, 7000.0, 4.319175720214844, 5.6183695793151855
14370, -1.029449462890625, -0.30894920229911804, -0.11644589155912399, 0.12981797754764557, -1.6003273725509644, -1.757849097251892, 7000.0, 7000.0, 7000.0, 7000.0, 4.1738409996032715, 5.509706974029541
14389, -1.0291270017623901, -0.30850982666015625, -0.14832070469856262, 0.13202959299087524, -1.511792540550232, -2.0197134017944336, 7000.0, 7000.0, 7000.0, 7000.0, 4.440886974334717, 5.395484447479248
14410, -1.0287446975708008, -0.31664004921913147, -0.17056305706501007, 0.13581117987632751, -1.6511763334274292, -2.008559465408325, 7000.0, 7000.0, 7000.0, 7000.0, 4.1510772705078125, 5.628561019897461
14429, -1.029525876045227, -0.3097003698348999, -0.17806614935398102, 0.12892752885818481, -1.6241774559020996, -2.0160348415374756, 7000.0, 7000.0, 7000.0, 7000.0, 3.9966602325439453, 5.723211765289307
14451, -1.0289334058761597, -0.3115750849246979, -0.20631344616413116, 0.13561604917049408, -1.5860134363174438, -2.144378185272217, 7000.0, 7000.0, 7000.0, 7000.0, 4.326568126678467, 5.507189750671387
14470, -1.0281755924224854, -0.32099735736846924, -0.22791610658168793, 0.14068636298179626, -1.6765985488891602, -2.170477867126465, 7000.0, 7000.0, 7000.0, 7000.0, 3.950230360031128, 5.845083236694336
14493, -1.0296388864517212, -0.3022204637527466, -0.21612881124019623, 0.1320219337940216, -1.529668927192688, -2.1134073734283447, 7000.0, 7000.0, 7000.0, 7000.0, 3.9914350509643555, 5.857510566711426
14510, -1.0291390419006348, -0.30473947525024414, -0.23412396013736725, 0.13288041949272156, -1.4249260425567627, -2.2597434520721436, 7000.0, 7000.0, 7000.0, 7000.0, 4.061185836791992, 5.859467506408691
14531, -1.028950810432434, -0.3072223365306854, -0.24561893939971924, 0.13060691952705383, -1.4021379947662354, -2.308419704437256, 7000.0, 7000.0, 7000.0, 7000.0, 4.498447895050049, 5.528141021728516
14550, -1.0289828777313232, -0.3060552477836609, -0.24553686380386353, 0.13387103378772736, -1.4077917337417603, -2.2647337913513184, 7000.0, 7000.0, 7000.0, 7000.0, 4.110488414764404, 5.752603530883789
14570, -1.0280648469924927, -0.3151012659072876, -0.2623308300971985, 0.13990487158298492, -1.4663939476013184, -2.3176865577697754, 7000.0, 7000.0, 7000.0, 7000.0, 4.14802885055542, 5.783215522766113
14590, -1.0289933681488037, -0.3038457930088043, -0.2463293820619583, 0.1328456550836563, -1.3656913042068481, -2.236609697341919, 7000.0, 7000.0, 7000.0, 7000.0, 4.19202995300293, 5.736032485961914
14609, -1.0293169021606445, -0.30072757601737976, -0.24159494042396545, 0.12983520328998566, -1.337382197380066, -2.184589147567749, 7000.0, 7000.0, 7000.0, 7000.0, 4.225080966949463, 5.728672504425049
14632, -1.0296369791030884, -0.300210177898407, -0.23215244710445404, 0.12844498455524445, -1.4403437376022339, -2.0165350437164307, 7000.0, 7000.0, 7000.0, 7000.0, 4.160768985748291, 5.6392364501953125
14653, -1.029013991355896, -0.3026318848133087, -0.24584348499774933, 0.1302599459886551, -1.3289527893066406, -2.1702723503112793, 7000.0, 7000.0, 7000.0, 7000.0, 4.490978240966797, 5.5105767250061035
14669, -1.0296251773834229, -0.3011285960674286, -0.23004209995269775, 0.12806935608386993, -1.4942359924316406, -1.9202046394348145, 7000.0, 7000.0, 7000.0, 7000.0, 4.049992561340332, 5.797454357147217
14690, -1.0294897556304932, -0.3025756776332855, -0.23453134298324585, 0.1262875348329544, -1.4476810693740845, -1.9816392660140991, 7000.0, 7000.0, 7000.0, 7000.0, 4.500943183898926, 5.468381881713867
14710, -1.0291002988815308, -0.30608460307121277, -0.2388036847114563, 0.13137468695640564, -1.4585894346237183, -2.0051488876342773, 7000.0, 7000.0, 7000.0, 7000.0, 4.428479194641113, 5.594625473022461
14731, -1.0297373533248901, -0.2933502793312073, -0.23016948997974396, 0.12584282457828522, -1.3123784065246582, -2.0332119464874268, 7000.0, 7000.0, 7000.0, 7000.0, 3.98876953125, 5.7869977951049805
14749, -1.0296542644500732, -0.2990666329860687, -0.22527728974819183, 0.12653622031211853, -1.4630237817764282, -1.887723445892334, 7000.0, 7000.0, 7000.0, 7000.0, 4.241064071655273, 5.751176357269287
14771, -1.0292448997497559, -0.2970482110977173, -0.23192782700061798, 0.12938785552978516, -1.3523898124694824, -2.0344388484954834, 7000.0, 7000.0, 7000.0, 7000.0, 4.183950901031494, 5.712602138519287
14789, -1.030480146408081, -0.2890287935733795, -0.20730067789554596, 0.1220124363899231, -1.4058549404144287, -1.7952219247817993, 7000.0, 7000.0, 7000.0, 7000.0, 4.618422985076904, 5.4582977294921875
14812, -1.0309631824493408, -0.3160017132759094, -0.1676628291606903, 0.10470278561115265, -1.7868767976760864, -1.0406568050384521, 7000.0, 7000.0, 7000.0, 7000.0, 4.871535778045654, 5.288454055786133
14831, -1.0317977666854858, -0.3284524083137512, -0.07078815251588821, 0.08248579502105713, -1.568414330482483, -0.4029011130332947, 7000.0, 7000.0, 7000.0, 7000.0, 6.085416793823242, 3.3570823669433594
14852, -1.0325413942337036, -0.3238651752471924, -0.06863626837730408, 0.07621181011199951, -1.5282024145126343, -0.3541818857192993, 7000.0, 7000.0, 7000.0, 7000.0, 6.241583824157715, 2.2682104110717773
14869, -1.031577467918396, -0.34235718846321106, -0.038904592394828796, 0.07690725475549698, -1.4429656267166138, -0.09345866739749908, 7000.0, 7000.0, 7000.0, 7000.0, 6.18941068649292, 1.4918911457061768
14890, -1.0303571224212646, -0.328213632106781, -0.07177359610795975, 0.11793753504753113, -1.1652576923370361, -1.3144307136535645, 7000.0, 7000.0, 7000.0, 7000.0, 5.776083946228027, 4.388688087463379
14910, -1.0290085077285767, -0.32924985885620117, -0.10329115390777588, 0.12866942584514618, -1.1982972621917725, -1.518670678138733, 7000.0, 7000.0, 7000.0, 7000.0, 5.178415775299072, 4.993348121643066
14930, -1.029255747795105, -0.31773391366004944, -0.12156929075717926, 0.125361368060112, -1.0270732641220093, -1.7245028018951416, 7000.0, 7000.0, 7000.0, 7000.0, 4.847591400146484, 5.303089141845703
14951, -1.0284051895141602, -0.31825435161590576, -0.15983688831329346, 0.13052116334438324, -1.1742669343948364, -1.8058668375015259, 7000.0, 7000.0, 7000.0, 7000.0, 4.8565354347229, 5.271169662475586
14970, -1.0282959938049316, -0.3087712526321411, -0.17940010130405426, 0.13118451833724976, -1.1535046100616455, -1.8617068529129028, 7000.0, 7000.0, 7000.0, 7000.0, 4.495265007019043, 5.478442668914795
14989, -1.0275462865829468, -0.3116534650325775, -0.20203897356987, 0.1365751177072525, -1.2531965970993042, -1.9068657159805298, 7000.0, 7000.0, 7000.0, 7000.0, 4.502906322479248, 5.524315357208252
15012, -1.0282094478607178, -0.2967648208141327, -0.21108832955360413, 0.13137857615947723, -1.1318793296813965, -1.9642430543899536, 7000.0, 7000.0, 7000.0, 7000.0, 4.158376693725586, 5.757416248321533
15029, -1.027694582939148, -0.29970285296440125, -0.2268570065498352, 0.1340799778699875, -1.1967175006866455, -2.007150173187256, 7000.0, 7000.0, 7000.0, 7000.0, 4.553371429443359, 5.520120143890381
15049, -1.0276552438735962, -0.30184292793273926, -0.2265825867652893, 0.1356009989976883, -1.3261847496032715, -1.8849979639053345, 7000.0, 7000.0, 7000.0, 7000.0, 4.150867938995361, 5.741440773010254
15071, -1.0290731191635132, -0.2843370735645294, -0.21367181837558746, 0.12631604075431824, -1.1512436866760254, -1.8841155767440796, 7000.0, 7000.0, 7000.0, 7000.0, 4.465616226196289, 5.585214614868164
15091, -1.029175877571106, -0.2872619926929474, -0.21228709816932678, 0.12327364087104797, -1.3013689517974854, -1.772160530090332, 7000.0, 7000.0, 7000.0, 7000.0, 4.154875755310059, 5.789900779724121
15110, -1.0296916961669922, -0.28299131989479065, -0.20620106160640717, 0.12111330032348633, -1.2868167161941528, -1.7578257322311401, 7000.0, 7000.0, 7000.0, 7000.0, 4.011991024017334, 5.821033000946045
15132, -1.030068278312683, -0.28228166699409485, -0.20022675395011902, 0.12090831249952316, -1.3443324565887451, -1.6995230913162231, 7000.0, 7000.0, 7000.0, 7000.0, 4.2940592765808105, 5.570416450500488
15149, -1.029877781867981, -0.2834942638874054, -0.20694151520729065, 0.1230863556265831, -1.2393803596496582, -1.888877034187317, 7000.0, 7000.0, 7000.0, 7000.0, 4.083353519439697, 5.792699337005615
15169, -1.0292357206344604, -0.2974351644515991, -0.21030564606189728, 0.12790141999721527, -1.5374703407287598, -1.717100739479065, 7000.0, 7000.0, 7000.0, 7000.0, 3.928799629211426, 5.861417770385742
15190, -1.0300114154815674, -0.29101431369781494, -0.19548967480659485, 0.12460726499557495, -1.4815913438796997, -1.6890040636062622, 7000.0, 7000.0, 7000.0, 7000.0, 4.622818470001221, 5.415170669555664
15210, -1.0292836427688599, -0.2957803010940552, -0.210200697183609, 0.12970411777496338, -1.3901023864746094, -1.9276518821716309, 7000.0, 7000.0, 7000.0, 7000.0, 4.280155658721924, 5.695225715637207
15231, -1.0300151109695435, -0.29561111330986023, -0.19332826137542725, 0.12637457251548767, -1.5356866121292114, -1.6892139911651611, 7000.0, 7000.0, 7000.0, 7000.0, 4.589447498321533, 5.513637065887451
15249, -1.029989242553711, -0.29376348853111267, -0.19806164503097534, 0.12536118924617767, -1.4402934312820435, -1.8452156782150269, 7000.0, 7000.0, 7000.0, 7000.0, 4.287967205047607, 5.721079349517822
15269, -1.0293008089065552, -0.3037450313568115, -0.2085593342781067, 0.12976688146591187, -1.5059089660644531, -1.915486454963684, 7000.0, 7000.0, 7000.0, 7000.0, 4.332394599914551, 5.568043231964111
15289, -1.0297157764434814, -0.3009231984615326, -0.20504508912563324, 0.12693578004837036, -1.4696934223175049, -1.9367289543151855, 7000.0, 7000.0, 7000.0, 7000.0, 4.4327850341796875, 5.37377405166626
15309, -1.0293611288070679, -0.3102670907974243, -0.20485690236091614, 0.13124586641788483, -1.6019458770751953, -1.8505722284317017, 7000.0, 7000.0, 7000.0, 7000.0, 4.112783908843994, 5.6657538414001465
15329, -1.030287504196167, -0.2949293553829193, -0.19794903695583344, 0.12349200993776321, -1.3547829389572144, -1.997544527053833, 7000.0, 7000.0, 7000.0, 7000.0, 4.53434944152832, 5.412917137145996
15349, -1.0303221940994263, -0.2950979471206665, -0.19930966198444366, 0.12528692185878754, -1.3740419149398804, -2.014019727706909, 7000.0, 7000.0, 7000.0, 7000.0, 3.9155735969543457, 5.710737705230713
15369, -1.0406622886657715, -0.1872406154870987, 0.0002909227041527629, 0.0, 0.0, 0.0, 7000.0, 7000.0, 7000.0, 7000.0, 3.936028242111206, 5.724743366241455
15389, -1.0404088497161865, -0.18795296549797058, 0.016975324600934982, 0.005043750628829002, -0.15214303135871887, -0.09822791069746017, 7000.0, 7000.0, 7000.0, 7000.0, 2.0126166343688965, 1.835363507270813
15410, -1.040090560913086, -0.19139455258846283, 0.011564631946384907, 0.021792596206068993, -0.3453942835330963, -0.2595217525959015, 7000.0, 7000.0, 7000.0, 7000.0, 2.3692033290863037, 2.337681770324707
15431, -1.039818525314331, -0.19731676578521729, 0.008973429910838604, 0.02850264497101307, -0.5406079292297363, -0.41601482033729553, 7000.0, 7000.0, 7000.0, 7000.0, 2.5557844638824463, 2.9344217777252197
15451, -1.039090871810913, -0.2075941562652588, -0.002966756233945489, 0.04381018877029419, -0.7589418888092041, -0.6170034408569336, 7000.0, 7000.0, 7000.0, 7000.0, 2.736311674118042, 3.2642557621002197
15470, -1.0382394790649414, -0.21944689750671387, -0.01677166111767292, 0.05648302659392357, -0.9431089758872986, -0.793361485004425, 7000.0, 7000.0, 7000.0, 7000.0, 2.9614272117614746, 3.519886016845703
15490, -1.037587285041809, -0.23013204336166382, -0.012402722612023354, 0.06566976755857468, -1.1088197231292725, -0.826497495174408, 7000.0, 7000.0, 7000.0, 7000.0, 3.136411190032959, 3.726621389389038
15509, -1.0365214347839355, -0.24688056111335754, -0.030569637194275856, 0.07622812688350677, -1.278071403503418, -1.0160268545150757, 7000.0, 7000.0, 7000.0, 7000.0, 3.201563596725464, 3.9503653049468994
15529, -1.0352236032485962, -0.26423224806785583, -0.02268628217279911, 0.08801048994064331, -1.434950351715088, -1.0231246948242188, 7000.0, 7000.0, 7000.0, 7000.0, 3.2738378047943115, 4.07500696182251
15550, -1.0347784757614136, -0.273737370967865, -0.040791839361190796, 0.0899900570511818, -1.506958246231079, -1.1672818660736084, 7000.0, 7000.0, 7000.0, 7000.0, 3.501190423965454, 4.116734504699707
15571, -1.033581256866455, -0.2861214578151703, -0.025828147307038307, 0.09764933586120605, -1.5696861743927002, -1.0976343154907227, 7000.0, 7000.0, 7000.0, 7000.0, 3.681617259979248, 4.269507884979248
15590, -1.0331405401229858, -0.29647427797317505, -0.04794766753911972, 0.09832531213760376, -1.6345181465148926, -1.2715715169906616, 7000.0, 7000.0, 7000.0, 7000.0, 3.8689932823181152, 4.261657238006592
15610, -1.03221595287323, -0.3052556812763214, -0.024616602808237076, 0.10277853161096573, -1.6602681875228882, -1.1392728090286255, 7000.0, 7000.0, 7000.0, 7000.0, 3.9437737464904785, 4.425960540771484
15629, -1.032517433166504, -0.3048833906650543, -0.03614991530776024, 0.09798873215913773, -1.6393344402313232, -1.2173570394515991, 7000.0, 7000.0, 7000.0, 7000.0, 4.253747463226318, 4.2914814949035645
15649, -1.0325524806976318, -0.3076765835285187, -0.018258703872561455, 0.09441696852445602, -1.6356656551361084, -1.1379591226577759, 7000.0, 7000.0, 7000.0, 7000.0, 4.306307792663574, 4.419820785522461
15670, -1.0319972038269043, -0.31380417943000793, -0.03989385440945625, 0.09830380976200104, -1.6648930311203003, -1.2908265590667725, 7000.0, 7000.0, 7000.0, 7000.0, 4.490583896636963, 4.398256778717041
15690, -1.0315325260162354, -0.32053643465042114, -0.02101067267358303, 0.10101532191038132, -1.699015736579895, -1.1882294416427612, 7000.0, 7000.0, 7000.0, 7000.0, 4.531544208526611, 4.510164260864258
15709, -1.0316591262817383, -0.32845327258110046, -0.04430743679404259, 0.09667632728815079, -1.7282741069793701, -1.3334327936172485, 7000.0, 7000.0, 7000.0, 7000.0, 4.645764350891113, 4.449571132659912
15729, -1.0314695835113525, -0.32456833124160767, -0.06578516960144043, 0.09911533445119858, -1.6863301992416382, -1.453859567642212, 7000.0, 7000.0, 7000.0, 7000.0, 4.677311420440674, 4.507629871368408
15751, -1.0319911241531372, -0.3253009021282196, -0.044149525463581085, 0.09299707412719727, -1.6860440969467163, -1.3426663875579834, 7000.0, 7000.0, 7000.0, 7000.0, 4.834755897521973, 4.437052249908447
15770, -1.032045602798462, -0.32546234130859375, -0.06393558531999588, 0.09236137568950653, -1.6651232242584229, -1.436244010925293, 7000.0, 7000.0, 7000.0, 7000.0, 4.882410526275635, 4.565173149108887
15790, -1.0313650369644165, -0.33183857798576355, -0.046866945922374725, 0.09915284812450409, -1.7089003324508667, -1.3484656810760498, 7000.0, 7000.0, 7000.0, 7000.0, 4.997166633605957, 4.526031017303467
15810, -1.031855821609497, -0.3306926190853119, -0.0695224404335022, 0.09366640448570251, -1.6754937171936035, -1.4610161781311035, 7000.0, 7000.0, 7000.0, 7000.0, 4.964836597442627, 4.517717361450195
15830, -1.0302420854568481, -0.3395623564720154, -0.05498741939663887, 0.11035458743572235, -1.738315463066101, -1.3817856311798096, 7000.0, 7000.0, 7000.0, 7000.0, 5.053553581237793, 4.564489364624023
15849, -1.0320159196853638, -0.3201811909675598, -0.0634583905339241, 0.09600898623466492, -1.6065878868103027, -1.4360779523849487, 7000.0, 7000.0, 7000.0, 7000.0, 5.0446085929870605, 4.478418350219727
15872, -1.0304205417633057, -0.3464524447917938, -0.058967459946870804, 0.10656701773405075, -1.7637685537338257, -1.367992639541626, 7000.0, 7000.0, 7000.0, 7000.0, 5.140955448150635, 4.45683479309082
15890, -1.03122878074646, -0.3343450427055359, -0.06741411983966827, 0.10048245638608932, -1.6755871772766113, -1.4107532501220703, 7000.0, 7000.0, 7000.0, 7000.0, 5.157730579376221, 4.482188701629639
15910, -1.0308661460876465, -0.339841365814209, -0.04772324487566948, 0.10417830944061279, -1.716688871383667, -1.27696692943573, 7000.0, 7000.0, 7000.0, 7000.0, 5.183226108551025, 4.499038219451904
15930, -1.03081476688385, -0.3405240774154663, -0.07487361133098602, 0.10358236730098724, -1.6855261325836182, -1.4242178201675415, 7000.0, 7000.0, 7000.0, 7000.0, 5.271122932434082, 4.479515552520752
15949, -1.0294126272201538, -0.3526291847229004, -0.050531864166259766, 0.11650408804416656, -1.776571273803711, -1.2447350025177002, 7000.0, 7000.0, 7000.0, 7000.0, 5.315133571624756, 4.4743971824646
15971, -1.0298634767532349, -0.34740281105041504, -0.06980134546756744, 0.11102691292762756, -1.71300208568573, -1.3448998928070068, 7000.0, 7000.0, 7000.0, 7000.0, 5.258490085601807, 4.291074275970459
15989, -1.0310486555099487, -0.3340196907520294, -0.038575101643800735, 0.10405820608139038, -1.6666675806045532, -1.1465375423431396, 7000.0, 7000.0, 7000.0, 7000.0, 5.391439437866211, 4.4465012550354
16010, -1.0306291580200195, -0.3352572023868561, -0.0599142424762249, 0.10697726905345917, -1.648270845413208, -1.268320918083191, 7000.0, 7000.0, 7000.0, 7000.0, 5.4468793869018555, 4.486166000366211
16030, -1.031556248664856, -0.33232831954956055, -0.07691066712141037, 0.09671496599912643, -1.605217456817627, -1.3377984762191772, 7000.0, 7000.0, 7000.0, 7000.0, 5.435625076293945, 4.473013877868652
16049, -1.0310386419296265, -0.33580029010772705, -0.05497390031814575, 0.10236558318138123, -1.6398181915283203, -1.1950246095657349, 7000.0, 7000.0, 7000.0, 7000.0, 5.605207443237305, 4.539641857147217
16071, -1.0304021835327148, -0.340064138174057, -0.07537118345499039, 0.10620913654565811, -1.6352232694625854, -1.2876923084259033, 7000.0, 7000.0, 7000.0, 7000.0, 5.576385498046875, 4.547598361968994
16089, -1.030094027519226, -0.34386903047561646, -0.054683081805706024, 0.10818883031606674, -1.631104588508606, -1.1415126323699951, 7000.0, 7000.0, 7000.0, 7000.0, 5.752880096435547, 4.37511682510376
16110, -1.0310804843902588, -0.3267330825328827, -0.05948849394917488, 0.10099177807569504, -1.4753386974334717, -1.1486705541610718, 7000.0, 7000.0, 7000.0, 7000.0, 5.871505260467529, 4.194454193115234
16129, -1.0307384729385376, -0.3170064389705658, -0.04160527139902115, 0.10843134671449661, -1.4056432247161865, -1.050964593887329, 7000.0, 7000.0, 7000.0, 7000.0, 5.964354038238525, 3.996103525161743
16149, -1.0307999849319458, -0.31541216373443604, -0.05002608150243759, 0.10520234704017639, -1.3618613481521606, -1.0672578811645508, 7000.0, 7000.0, 7000.0, 7000.0, 5.995230197906494, 3.713221549987793
16169, -1.030598521232605, -0.32067450881004333, -0.039612866938114166, 0.10488055646419525, -1.387560248374939, -0.9585491418838501, 7000.0, 7000.0, 7000.0, 7000.0, 6.093212604522705, 3.5883703231811523
16190, -1.0303531885147095, -0.3224039673805237, -0.05411254242062569, 0.10396237671375275, -1.3690744638442993, -1.0187058448791504, 7000.0, 7000.0, 7000.0, 7000.0, 6.192455291748047, 3.4981019496917725
16209, -1.0298244953155518, -0.32583239674568176, -0.03279159218072891, 0.10749472677707672, -1.3853305578231812, -0.796607255935669, 7000.0, 7000.0, 7000.0, 7000.0, 6.274084091186523, 3.35018253326416
16235, -1.0299476385116577, -0.32360920310020447, -0.044754769653081894, 0.10172032564878464, -1.3178633451461792, -0.8350094556808472, 7000.0, 7000.0, 7000.0, 7000.0, 6.3077616691589355, 3.2082161903381348
16249, -1.0301194190979004, -0.3200894892215729, -0.054199591279029846, 0.09956418722867966, -1.2876713275909424, -0.8861151337623596, 7000.0, 7000.0, 7000.0, 7000.0, 6.390408039093018, 3.083878993988037
16269, -1.0298666954040527, -0.3260241448879242, -0.038262929767370224, 0.09831178188323975, -1.3005861043930054, -0.7138115167617798, 7000.0, 7000.0, 7000.0, 7000.0, 6.48583984375, 3.0922272205352783
16290, -1.0303316116333008, -0.3255459666252136, -0.043604206293821335, 0.09280498325824738, -1.3119810819625854, -0.693822979927063, 7000.0, 7000.0, 7000.0, 7000.0, 6.483835697174072, 2.899369239807129
16310, -1.0291231870651245, -0.34041354060173035, -0.034253936260938644, 0.10232187807559967, -1.4388586282730103, -0.5857997536659241, 7000.0, 7000.0, 7000.0, 7000.0, 6.494963645935059, 3.1462464332580566
16329, -1.030311107635498, -0.33160942792892456, -0.027373071759939194, 0.09161210805177689, -1.3675566911697388, -0.4770045280456543, 7000.0, 7000.0, 7000.0, 7000.0, 6.545124530792236, 3.2940919399261475
16349, -1.0298675298690796, -0.3391493856906891, -0.026348961517214775, 0.09281869232654572, -1.3904155492782593, -0.44734102487564087, 7000.0, 7000.0, 7000.0, 7000.0, 6.575309753417969, 3.168020486831665
16369, -1.0291575193405151, -0.34420350193977356, -0.02477310411632061, 0.09812804311513901, -1.4205738306045532, -0.41322413086891174, 7000.0, 7000.0, 7000.0, 7000.0, 6.622037887573242, 3.2261013984680176
16391, -1.029400110244751, -0.34269294142723083, -0.013955768197774887, 0.09843001514673233, -1.4471386671066284, -0.3217420279979706, 7000.0, 7000.0, 7000.0, 7000.0, 6.6384429931640625, 3.3290603160858154
16409, -1.029368281364441, -0.34812524914741516, -0.018067529425024986, 0.09638328105211258, -1.479132890701294, -0.3536214530467987, 7000.0, 7000.0, 7000.0, 7000.0, 6.61436653137207, 3.3192341327667236
16429, -1.0288640260696411, -0.3540540933609009, -0.002578065963461995, 0.10139207541942596, -1.546299695968628, -0.23997615277767181, 7000.0, 7000.0, 7000.0, 7000.0, 6.624807357788086, 3.4437291622161865
16449, -1.029050350189209, -0.34982454776763916, -0.010074911639094353, 0.1002882570028305, -1.519423007965088, -0.31454166769981384, 7000.0, 7000.0, 7000.0, 7000.0, 6.653900146484375, 3.4735147953033447
16469, -1.0288540124893188, -0.3529171049594879, -0.0019055381417274475, 0.10196979343891144, -1.5440053939819336, -0.2605361044406891, 7000.0, 7000.0, 7000.0, 7000.0, 6.669790267944336, 3.540070056915283
16492, -1.0293679237365723, -0.34520280361175537, -0.004209407605230808, 0.09902399778366089, -1.5050283670425415, -0.29395705461502075, 7000.0, 7000.0, 7000.0, 7000.0, 6.6989521980285645, 3.5788984298706055
16510, -1.0295871496200562, -0.35269108414649963, -0.009250582195818424, 0.09352680295705795, -1.526702642440796, -0.34104466438293457, 7000.0, 7000.0, 7000.0, 7000.0, 6.713320255279541, 3.646148681640625
16529, -1.0295482873916626, -0.35016030073165894, 0.0015159589238464832, 0.09479629248380661, -1.522148609161377, -0.27709704637527466, 7000.0, 7000.0, 7000.0, 7000.0, 6.71237850189209, 3.7246124744415283
16549, -1.0295827388763428, -0.3510827124118805, -0.0062963399104774, 0.09479302912950516, -1.5263943672180176, -0.3577200174331665, 7000.0, 7000.0, 7000.0, 7000.0, 6.750384330749512, 3.7891428470611572
16571, -1.030136227607727, -0.34183797240257263, 0.0019757584668695927, 0.09126362949609756, -1.4762656688690186, -0.31903600692749023, 7000.0, 7000.0, 7000.0, 7000.0, 6.739758491516113, 3.8023200035095215
16589, -1.0292848348617554, -0.354981929063797, -0.010501421988010406, 0.09657678753137589, -1.5439364910125732, -0.43007203936576843, 7000.0, 7000.0, 7000.0, 7000.0, 6.789306640625, 3.8911311626434326
16609, -1.028580665588379, -0.355944961309433, -0.0029584651347249746, 0.10390441864728928, -1.5547335147857666, -0.3862730860710144, 7000.0, 7000.0, 7000.0, 7000.0, 6.805263042449951, 3.934433698654175
16630, -1.0297696590423584, -0.34464529156684875, 0.00015642133075743914, 0.09375259280204773, -1.4654297828674316, -0.367026150226593, 7000.0, 7000.0, 7000.0, 7000.0, 6.802791118621826, 3.9007785320281982
16651, -1.030540108680725, -0.33944171667099, -0.00012536559370346367, 0.08757585287094116, -1.4083272218704224, -0.3841845691204071, 7000.0, 7000.0, 7000.0, 7000.0, 6.884092330932617, 3.7533650398254395
16669, -1.0303690433502197, -0.3326321244239807, -0.0012686830013990402, 0.09010951220989227, -1.3354333639144897, -0.40511468052864075, 7000.0, 7000.0, 7000.0, 7000.0, 6.932374954223633, 3.5439326763153076
16689, -1.0311790704727173, -0.3219071626663208, 0.006550691556185484, 0.085426464676857, -1.2611416578292847, -0.3605879545211792, 7000.0, 7000.0, 7000.0, 7000.0, 6.986616611480713, 3.392960548400879
16709, -1.0326601266860962, -0.31031349301338196, -7.917531911516562e-05, 0.07435983419418335, -1.1820539236068726, -0.42191022634506226, 7000.0, 7000.0, 7000.0, 7000.0, 7.01580810546875, 3.23250150680542
16732, -1.0313690900802612, -0.32933834195137024, -0.008714692667126656, 0.08325912058353424, -1.3094420433044434, -0.46726664900779724, 7000.0, 7000.0, 7000.0, 7000.0, 7.06650972366333, 3.3000400066375732
16750, -1.0311458110809326, -0.32087334990501404, -0.011974579654633999, 0.08868984133005142, -1.2763465642929077, -0.48669955134391785, 7000.0, 7000.0, 7000.0, 7000.0, 7.055803298950195, 3.3733279705047607
16771, -1.0322761535644531, -0.31284239888191223, -0.010725864209234715, 0.07903756201267242, -1.2080365419387817, -0.4497464597225189, 7000.0, 7000.0, 7000.0, 7000.0, 7.061708450317383, 3.373792886734009
16789, -1.0315247774124146, -0.31708255410194397, -0.004149336367845535, 0.08510679006576538, -1.2159602642059326, -0.3871672749519348, 7000.0, 7000.0, 7000.0, 7000.0, 7.078391075134277, 3.2232136726379395
16810, -1.0318049192428589, -0.3147692382335663, 0.0015774626517668366, 0.08191774040460587, -1.1912604570388794, -0.32280322909355164, 7000.0, 7000.0, 7000.0, 7000.0, 7.089234828948975, 3.0185294151306152
16832, -1.0315865278244019, -0.32075902819633484, 0.006535814143717289, 0.08307003974914551, -1.2531275749206543, -0.28255629539489746, 7000.0, 7000.0, 7000.0, 7000.0, 7.131807327270508, 3.109766960144043
16849, -1.0314099788665771, -0.3230877220630646, -0.005461033899337053, 0.08432546257972717, -1.2739266157150269, -0.3786006569862366, 7000.0, 7000.0, 7000.0, 7000.0, 7.141495227813721, 3.2097222805023193
16871, -1.0307978391647339, -0.33163121342658997, -0.008565669879317284, 0.08923187106847763, -1.3467127084732056, -0.3987640142440796, 7000.0, 7000.0, 7000.0, 7000.0, 7.121131420135498, 3.3929755687713623
16891, -1.0306328535079956, -0.32686787843704224, -0.0024049151688814163, 0.09254810214042664, -1.3373748064041138, -0.3292754590511322, 7000.0, 7000.0, 7000.0, 7000.0, 7.113715648651123, 3.430711507797241
16910, -1.0297222137451172, -0.33519572019577026, -0.0004618331731762737, 0.09973089396953583, -1.3963522911071777, -0.31465283036231995, 7000.0, 7000.0, 7000.0, 7000.0, 7.122056007385254, 3.500079870223999
16929, -1.0298364162445068, -0.33277013897895813, -0.002339279046282172, 0.0984785184264183, -1.3811068534851074, -0.32219216227531433, 7000.0, 7000.0, 7000.0, 7000.0, 7.123332500457764, 3.5627405643463135
16950, -1.0298445224761963, -0.3449394404888153, -0.0017165085300803185, 0.09482087939977646, -1.4597349166870117, -0.32177412509918213, 7000.0, 7000.0, 7000.0, 7000.0, 7.134350299835205, 3.6134724617004395
16971, -1.0295904874801636, -0.3363751173019409, -0.00019972384325228631, 0.10015124827623367, -1.4025118350982666, -0.3113795816898346, 7000.0, 7000.0, 7000.0, 7000.0, 7.143461227416992, 3.7287559509277344
16989, -1.0297276973724365, -0.33947235345840454, 0.0028072046115994453, 0.09801574796438217, -1.4285227060317993, -0.29354554414749146, 7000.0, 7000.0, 7000.0, 7000.0, 7.164755344390869, 3.7536160945892334
17010, -1.029956340789795, -0.3351031541824341, -0.001054210471920669, 0.09483716636896133, -1.385619044303894, -0.32785359025001526, 7000.0, 7000.0, 7000.0, 7000.0, 7.143000602722168, 3.8262760639190674
17030, -1.0304063558578491, -0.3336079716682434, -0.004410189110785723, 0.08918525278568268, -1.3607631921768188, -0.3496767580509186, 7000.0, 7000.0, 7000.0, 7000.0, 7.153018474578857, 3.9345598220825195
17051, -1.0301626920700073, -0.3323144018650055, -0.0003746024740394205, 0.09329656511545181, -1.3642197847366333, -0.325516939163208, 7000.0, 7000.0, 7000.0, 7000.0, 7.197142601013184, 3.994802713394165
17069, -1.0302128791809082, -0.33428263664245605, -0.005403170362114906, 0.09136947989463806, -1.3783495426177979, -0.3703789710998535, 7000.0, 7000.0, 7000.0, 7000.0, 7.1628241539001465, 4.030903339385986
17091, -1.029085636138916, -0.339606374502182, -0.003629555692896247, 0.10220185667276382, -1.4217324256896973, -0.3710012435913086, 7000.0, 7000.0, 7000.0, 7000.0, 7.1513237953186035, 4.150548934936523
17110, -1.0305252075195312, -0.31848108768463135, -0.0049278917722404, 0.09478670358657837, -1.2933435440063477, -0.37868741154670715, 7000.0, 7000.0, 7000.0, 7000.0, 7.145801544189453, 4.182845592498779
17130, -1.0299534797668457, -0.3254808187484741, -0.005346812307834625, 0.09994305670261383, -1.3526504039764404, -0.39721089601516724, 7000.0, 7000.0, 7000.0, 7000.0, 7.090695858001709, 4.1947197914123535
17149, -1.0305527448654175, -0.3259616196155548, -0.015208903700113297, 0.09286656230688095, -1.357343077659607, -0.48420706391334534, 7000.0, 7000.0, 7000.0, 7000.0, 7.096407413482666, 4.209009170532227
17171, -1.0298798084259033, -0.33090052008628845, -0.008663129061460495, 0.1005404070019722, -1.4088027477264404, -0.43743717670440674, 7000.0, 7000.0, 7000.0, 7000.0, 7.094357013702393, 4.33283805847168
17189, -1.0301620960235596, -0.3308100402355194, -0.015353604219853878, 0.09761278331279755, -1.410673975944519, -0.4978601932525635, 7000.0, 7000.0, 7000.0, 7000.0, 7.036667346954346, 4.341620445251465
17210, -1.0297614336013794, -0.33429497480392456, -0.009594028815627098, 0.10284796357154846, -1.4513074159622192, -0.4591706693172455, 7000.0, 7000.0, 7000.0, 7000.0, 7.078143119812012, 4.419900894165039
17229, -1.0305792093276978, -0.3156740665435791, -0.01138205174356699, 0.10073186457157135, -1.3431715965270996, -0.48242393136024475, 7000.0, 7000.0, 7000.0, 7000.0, 7.068643569946289, 4.4515252113342285
17250, -1.0310652256011963, -0.31766754388809204, -0.01880541257560253, 0.09514056891202927, -1.3619674444198608, -0.544006884098053, 7000.0, 7000.0, 7000.0, 7000.0, 7.057556629180908, 4.4218339920043945
17271, -1.030025601387024, -0.32715415954589844, -0.01946358196437359, 0.1044745147228241, -1.4349544048309326, -0.5678355097770691, 7000.0, 7000.0, 7000.0, 7000.0, 7.037353515625, 4.476886749267578
17290, -1.0306355953216553, -0.3148896098136902, -0.021003300324082375, 0.10286885499954224, -1.37530517578125, -0.5830793380737305, 7000.0, 7000.0, 7000.0, 7000.0, 7.0503435134887695, 4.512585163116455
17310, -1.0299582481384277, -0.33321136236190796, -0.01830483227968216, 0.1055857464671135, -1.5031824111938477, -0.5777751207351685, 7000.0, 7000.0, 7000.0, 7000.0, 7.040270805358887, 4.512779712677002
17330, -1.0299396514892578, -0.32876452803611755, -0.02295937016606331, 0.10708456486463547, -1.4831228256225586, -0.619128406047821, 7000.0, 7000.0, 7000.0, 7000.0, 7.035104751586914, 4.655404090881348
17351, -1.0302603244781494, -0.3272450268268585, -0.013463236391544342, 0.10483308136463165, -1.4973042011260986, -0.5633308291435242, 7000.0, 7000.0, 7000.0, 7000.0, 7.0164384841918945, 4.619207382202148
17371, -1.0301742553710938, -0.32921847701072693, -0.02072499319911003, 0.10493267327547073, -1.4968059062957764, -0.6177483797073364, 7000.0, 7000.0, 7000.0, 7000.0, 7.019220352172852, 4.694693088531494
17390, -1.0293771028518677, -0.3308555781841278, -0.014135941863059998, 0.11460684984922409, -1.5274584293365479, -0.5861532688140869, 7000.0, 7000.0, 7000.0, 7000.0, 7.003157615661621, 4.727564334869385
17410, -1.030505895614624, -0.3211069405078888, -0.014880814589560032, 0.10609767585992813, -1.4652562141418457, -0.5968428254127502, 7000.0, 7000.0, 7000.0, 7000.0, 7.003490924835205, 4.6453728675842285
17430, -1.02963387966156, -0.3277924358844757, -0.009563049301505089, 0.11465870589017868, -1.5203121900558472, -0.5679851770401001, 7000.0, 7000.0, 7000.0, 7000.0, 7.014427661895752, 4.722035884857178
17450, -1.029929280281067, -0.33150458335876465, -0.02068060263991356, 0.10923594981431961, -1.529510736465454, -0.6630394458770752, 7000.0, 7000.0, 7000.0, 7000.0, 7.001682758331299, 4.670247554779053
17469, -1.0297813415527344, -0.3329069912433624, -0.018022937700152397, 0.11291196197271347, -1.5630629062652588, -0.665117084980011, 7000.0, 7000.0, 7000.0, 7000.0, 7.000921726226807, 4.7953619956970215
17489, -1.0295058488845825, -0.33332014083862305, -0.025043951347470284, 0.11488600075244904, -1.5534358024597168, -0.7207129001617432, 7000.0, 7000.0, 7000.0, 7000.0, 7.01267671585083, 4.7037248611450195
17510, -1.0299772024154663, -0.3313508629798889, -0.03479477018117905, 0.11014875769615173, -1.528365135192871, -0.7833989858627319, 7000.0, 7000.0, 7000.0, 7000.0, 6.994345188140869, 4.818478584289551
17529, -1.0293813943862915, -0.33656632900238037, -0.026407821103930473, 0.11616242676973343, -1.5794994831085205, -0.739855945110321, 7000.0, 7000.0, 7000.0, 7000.0, 7.00553560256958, 4.776785373687744
17550, -1.029014229774475, -0.3386636972427368, -0.03606998547911644, 0.11853635311126709, -1.577973484992981, -0.7985491752624512, 7000.0, 7000.0, 7000.0, 7000.0, 7.018109321594238, 4.792068004608154
17571, -1.0276514291763306, -0.35188770294189453, -0.030748549848794937, 0.12875178456306458, -1.6670596599578857, -0.7700995206832886, 7000.0, 7000.0, 7000.0, 7000.0, 7.002619743347168, 4.835561275482178
17589, -1.0291454792022705, -0.34357577562332153, -0.041025642305612564, 0.11609450727701187, -1.6143052577972412, -0.842330276966095, 7000.0, 7000.0, 7000.0, 7000.0, 7.024099349975586, 4.881675720214844
17609, -1.0289322137832642, -0.3464885354042053, -0.03156179189682007, 0.11744295805692673, -1.6285712718963623, -0.779683530330658, 7000.0, 7000.0, 7000.0, 7000.0, 7.0261430740356445, 4.9304118156433105
17630, -1.0306848287582397, -0.32198554277420044, -0.029621610417962074, 0.10609836876392365, -1.4490677118301392, -0.7685479521751404, 7000.0, 7000.0, 7000.0, 7000.0, 7.113135814666748, 4.80666446685791
17649, -1.0301620960235596, -0.3296761214733124, -0.01970691606402397, 0.1091102659702301, -1.476740837097168, -0.6868405342102051, 7000.0, 7000.0, 7000.0, 7000.0, 7.202597141265869, 4.5825676918029785
17670, -1.0299122333526611, -0.330625981092453, -0.03016369417309761, 0.10991128534078598, -1.4473556280136108, -0.7520079612731934, 7000.0, 7000.0, 7000.0, 7000.0, 7.295907974243164, 4.38847017288208
17690, -1.0293643474578857, -0.3321135640144348, -0.022506143897771835, 0.11457020044326782, -1.4405145645141602, -0.6798464059829712, 7000.0, 7000.0, 7000.0, 7000.0, 7.359209060668945, 4.242732048034668
17709, -1.0309021472930908, -0.3154699206352234, -0.01925102435052395, 0.1036699041724205, -1.3174841403961182, -0.6605352759361267, 7000.0, 7000.0, 7000.0, 7000.0, 7.387111186981201, 3.9905872344970703
17730, -1.0309443473815918, -0.32259124517440796, -0.01186210848391056, 0.09902164340019226, -1.3404998779296875, -0.5641692280769348, 7000.0, 7000.0, 7000.0, 7000.0, 7.44348669052124, 3.8132824897766113
17751, -1.0299152135849, -0.32845431566238403, -0.02043635956943035, 0.10743178427219391, -1.3800644874572754, -0.6096299290657043, 7000.0, 7000.0, 7000.0, 7000.0, 7.511925220489502, 3.8949382305145264
17769, -1.0302578210830688, -0.31811267137527466, -0.018434075638651848, 0.10896485298871994, -1.347151756286621, -0.584786057472229, 7000.0, 7000.0, 7000.0, 7000.0, 7.474555015563965, 3.932347059249878
17789, -1.0285545587539673, -0.33946698904037476, -0.013270433992147446, 0.11827316135168076, -1.494209885597229, -0.5212042927742004, 7000.0, 7000.0, 7000.0, 7000.0, 7.442272663116455, 4.066515922546387
17809, -1.0298997163772583, -0.3257850408554077, -0.011791128665208817, 0.10952723771333694, -1.4246132373809814, -0.5086220502853394, 7000.0, 7000.0, 7000.0, 7000.0, 7.428172588348389, 4.1462178230285645
17832, -1.0292890071868896, -0.3373481035232544, -0.012726869434118271, 0.11233176290988922, -1.507139801979065, -0.5234721899032593, 7000.0, 7000.0, 7000.0, 7000.0, 7.417169094085693, 4.220058917999268
17850, -1.028589129447937, -0.3398735225200653, -0.018030347302556038, 0.11685962975025177, -1.5211853981018066, -0.5543242692947388, 7000.0, 7000.0, 7000.0, 7000.0, 7.356410503387451, 4.299055576324463
17871, -1.0266263484954834, -0.35109004378318787, -0.01489511039108038, 0.13339750468730927, -1.6089777946472168, -0.5410282015800476, 7000.0, 7000.0, 7000.0, 7000.0, 7.362282752990723, 4.366447925567627
17889, -1.027683973312378, -0.3468810021877289, -0.01617731712758541, 0.1226479783654213, -1.5804194211959839, -0.5434818267822266, 7000.0, 7000.0, 7000.0, 7000.0, 7.363769054412842, 4.412159442901611
17909, -1.027306318283081, -0.3524509072303772, -0.010115684010088444, 0.12482485175132751, -1.61397123336792, -0.49989545345306396, 7000.0, 7000.0, 7000.0, 7000.0, 7.3605546951293945, 4.4268951416015625
17930, -1.027182936668396, -0.3532123267650604, -0.025627098977565765, 0.12450769543647766, -1.6061376333236694, -0.6234350800514221, 7000.0, 7000.0, 7000.0, 7000.0, 7.392475605010986, 4.4487385749816895
17950, -1.0274940729141235, -0.35826241970062256, -0.02036280557513237, 0.11910362541675568, -1.6311981678009033, -0.579656183719635, 7000.0, 7000.0, 7000.0, 7000.0, 7.3836894035339355, 4.4837446212768555
17969, -1.0290780067443848, -0.33831751346588135, -0.01680934801697731, 0.10817628353834152, -1.4977105855941772, -0.5540068745613098, 7000.0, 7000.0, 7000.0, 7000.0, 7.450436592102051, 4.379143714904785
17991, -1.0272266864776611, -0.3581410348415375, -0.015731852501630783, 0.1210055947303772, -1.61282217502594, -0.5340331792831421, 7000.0, 7000.0, 7000.0, 7000.0, 7.484017372131348, 4.406089782714844
18010, -1.0273264646530151, -0.35751351714134216, -0.02540489286184311, 0.11989422887563705, -1.6003202199935913, -0.6091496348381042, 7000.0, 7000.0, 7000.0, 7000.0, 7.505410194396973, 4.401323318481445
18032, -1.028607726097107, -0.3400039076805115, -0.022188358008861542, 0.11235205084085464, -1.500622034072876, -0.5813982486724854, 7000.0, 7000.0, 7000.0, 7000.0, 7.470715522766113, 4.436161518096924
18050, -1.0278750658035278, -0.33679643273353577, -0.01250837929546833, 0.12292550504207611, -1.5013173818588257, -0.517223596572876, 7000.0, 7000.0, 7000.0, 7000.0, 7.4967827796936035, 4.509803295135498
18072, -1.0266733169555664, -0.35059231519699097, -0.02489372342824936, 0.1262807995080948, -1.5522891283035278, -0.6052834391593933, 7000.0, 7000.0, 7000.0, 7000.0, 7.433828830718994, 4.431922912597656
18091, -1.0270678997039795, -0.35246285796165466, -0.016198238357901573, 0.12246204167604446, -1.5750834941864014, -0.5543253421783447, 7000.0, 7000.0, 7000.0, 7000.0, 7.420403957366943, 4.50053596496582
18110, -1.0267804861068726, -0.34479597210884094, -0.018782734870910645, 0.12171325087547302, -1.5189006328582764, -0.5741143822669983, 7000.0, 7000.0, 7000.0, 7000.0, 7.4242777824401855, 4.551229953765869
18132, -1.0276929140090942, -0.3435145616531372, -0.009732638485729694, 0.11832217872142792, -1.5320172309875488, -0.5085853338241577, 7000.0, 7000.0, 7000.0, 7000.0, 7.4261474609375, 4.572443962097168
18150, -1.028573751449585, -0.332508385181427, -0.012025507166981697, 0.11134859919548035, -1.447986125946045, -0.527536928653717, 7000.0, 7000.0, 7000.0, 7000.0, 7.428483486175537, 4.608602523803711
18170, -1.0273199081420898, -0.34648799896240234, -0.013751928694546223, 0.12029383331537247, -1.530340313911438, -0.5528210997581482, 7000.0, 7000.0, 7000.0, 7000.0, 7.431612491607666, 4.664000034332275
18189, -1.0273135900497437, -0.3457067310810089, -0.02096584066748619, 0.11879923194646835, -1.4989080429077148, -0.6055381298065186, 7000.0, 7000.0, 7000.0, 7000.0, 7.429248332977295, 4.672229290008545
18210, -1.0266828536987305, -0.3539177477359772, -0.02255478873848915, 0.12380992621183395, -1.5677428245544434, -0.6296743154525757, 7000.0, 7000.0, 7000.0, 7000.0, 7.380433082580566, 4.717272758483887
18229, -1.0281232595443726, -0.34028160572052, -0.025302322581410408, 0.11205127090215683, -1.4667572975158691, -0.630712628364563, 7000.0, 7000.0, 7000.0, 7000.0, 7.402350425720215, 4.755089282989502
18249, -1.0275371074676514, -0.34971514344215393, -0.01684243232011795, 0.11764215677976608, -1.5564520359039307, -0.5507718324661255, 7000.0, 7000.0, 7000.0, 7000.0, 7.383283615112305, 4.813299655914307
18271, -1.0293374061584473, -0.32606056332588196, -0.018178081139922142, 0.10587835311889648, -1.405856966972351, -0.5652838349342346, 7000.0, 7000.0, 7000.0, 7000.0, 7.393636703491211, 4.802349090576172
18289, -1.0287460088729858, -0.33277711272239685, -0.03218885511159897, 0.1096380278468132, -1.4331133365631104, -0.6685009002685547, 7000.0, 7000.0, 7000.0, 7000.0, 7.363576889038086, 4.862204551696777
18310, -1.02839994430542, -0.33617058396339417, -0.02347373403608799, 0.11440040916204453, -1.468360185623169, -0.6103671789169312, 7000.0, 7000.0, 7000.0, 7000.0, 7.382795333862305, 4.831982135772705
18330, -1.0295612812042236, -0.3215973675251007, -0.027898455038666725, 0.10540726780891418, -1.3384584188461304, -0.6376700401306152, 7000.0, 7000.0, 7000.0, 7000.0, 7.3739914894104, 4.746565341949463
18349, -1.029367446899414, -0.32250112295150757, -0.01701056957244873, 0.10780801624059677, -1.3364191055297852, -0.5535554885864258, 7000.0, 7000.0, 7000.0, 7000.0, 7.485215187072754, 4.5463385581970215
18369, -1.030646800994873, -0.3149797320365906, -0.02119002863764763, 0.09612324088811874, -1.262826919555664, -0.5870748162269592, 7000.0, 7000.0, 7000.0, 7000.0, 7.5296711921691895, 4.349117755889893
18389, -1.0307238101959229, -0.31534767150878906, -0.012350884266197681, 0.09623017907142639, -1.2595728635787964, -0.5148360133171082, 7000.0, 7000.0, 7000.0, 7000.0, 7.576705455780029, 4.148889541625977
18409, -1.0305784940719604, -0.31737324595451355, -0.015605488792061806, 0.09789947420358658, -1.2897166013717651, -0.5298690795898438, 7000.0, 7000.0, 7000.0, 7000.0, 7.601410388946533, 4.1288323402404785
18430, -1.0290803909301758, -0.31887421011924744, -0.006258130073547363, 0.11619778722524643, -1.339257836341858, -0.45131543278694153, 7000.0, 7000.0, 7000.0, 7000.0, 7.541962146759033, 4.174795627593994
18449, -1.0301496982574463, -0.32119718194007874, -0.015831593424081802, 0.10338371992111206, -1.3609180450439453, -0.5244112610816956, 7000.0, 7000.0, 7000.0, 7000.0, 7.490167617797852, 4.162501335144043
18469, -1.0307739973068237, -0.3132793605327606, -0.004914578050374985, 0.10184303671121597, -1.350976824760437, -0.43760037422180176, 7000.0, 7000.0, 7000.0, 7000.0, 7.467935562133789, 4.341357707977295
18491, -1.0305975675582886, -0.31103500723838806, -0.0057052685879170895, 0.10435579717159271, -1.3442121744155884, -0.44186651706695557, 7000.0, 7000.0, 7000.0, 7000.0, 7.465866565704346, 4.4130988121032715
18509, -1.0293911695480347, -0.32594606280326843, -0.008150008507072926, 0.11362890154123306, -1.4619301557540894, -0.47347065806388855, 7000.0, 7000.0, 7000.0, 7000.0, 7.4156975746154785, 4.540951251983643
18529, -1.0295618772506714, -0.3229743540287018, -0.010268391110002995, 0.1115255281329155, -1.4402354955673218, -0.4880531132221222, 7000.0, 7000.0, 7000.0, 7000.0, 7.388782024383545, 4.576137542724609
18550, -1.0291072130203247, -0.32848694920539856, -0.026569269597530365, 0.11433170735836029, -1.4723001718521118, -0.6190568208694458, 7000.0, 7000.0, 7000.0, 7000.0, 7.3887481689453125, 4.632367134094238
18569, -1.029259443283081, -0.3313717842102051, -0.017208129167556763, 0.11323756724596024, -1.5130897760391235, -0.5492377281188965, 7000.0, 7000.0, 7000.0, 7000.0, 7.354912757873535, 4.70767879486084
18589, -1.02814781665802, -0.33603373169898987, -0.026810133829712868, 0.12209200859069824, -1.5318351984024048, -0.6173264980316162, 7000.0, 7000.0, 7000.0, 7000.0, 7.376262187957764, 4.753864765167236
18610, -1.0278387069702148, -0.34070032835006714, -0.01914864405989647, 0.12420570850372314, -1.5711772441864014, -0.5670927166938782, 7000.0, 7000.0, 7000.0, 7000.0, 7.37685489654541, 4.792448997497559
18630, -1.0280561447143555, -0.34284400939941406, -0.025509722530841827, 0.12126379460096359, -1.5813847780227661, -0.616730272769928, 7000.0, 7000.0, 7000.0, 7000.0, 7.349422454833984, 4.844722270965576
18650, -1.0278077125549316, -0.3451319634914398, -0.01483861356973648, 0.12376780062913895, -1.6065268516540527, -0.5523772239685059, 7000.0, 7000.0, 7000.0, 7000.0, 7.365018367767334, 4.851934432983398
18669, -1.0293165445327759, -0.3296409845352173, -0.01993461884558201, 0.11308301240205765, -1.507214069366455, -0.6015818119049072, 7000.0, 7000.0, 7000.0, 7000.0, 7.334136962890625, 4.860280990600586
18691, -1.028120994567871, -0.33691346645355225, -0.012165323831140995, 0.12427467107772827, -1.5670830011367798, -0.5594053864479065, 7000.0, 7000.0, 7000.0, 7000.0, 7.349781036376953, 4.857835292816162
18709, -1.0283987522125244, -0.33684220910072327, -0.023611117154359818, 0.12005726248025894, -1.5482854843139648, -0.6516414284706116, 7000.0, 7000.0, 7000.0, 7000.0, 7.314637660980225, 4.858151435852051
18729, -1.0278499126434326, -0.33371278643608093, -0.012028483673930168, 0.12742970883846283, -1.5333918333053589, -0.5693641304969788, 7000.0, 7000.0, 7000.0, 7000.0, 7.344398498535156, 4.875520706176758
18750, -1.0292576551437378, -0.3324500620365143, -0.018965886905789375, 0.11133388429880142, -1.4870737791061401, -0.6227916479110718, 7000.0, 7000.0, 7000.0, 7000.0, 7.379458904266357, 4.609143257141113
18771, -1.0292950868606567, -0.3159745931625366, -0.00608433410525322, 0.1179170310497284, -1.3618733882904053, -0.5421680808067322, 7000.0, 7000.0, 7000.0, 7000.0, 7.509126663208008, 4.516464710235596
18789, -1.0289065837860107, -0.32309597730636597, -0.014768573455512524, 0.1172378659248352, -1.3943915367126465, -0.6059240698814392, 7000.0, 7000.0, 7000.0, 7000.0, 7.516271114349365, 4.203667163848877
18809, -1.0291081666946411, -0.3231153190135956, -0.019456034526228905, 0.11443646997213364, -1.3932390213012695, -0.6341313719749451, 7000.0, 7000.0, 7000.0, 7000.0, 7.535292148590088, 4.267039775848389
18830, -1.028991460800171, -0.3253811001777649, -0.00943824090063572, 0.11614245176315308, -1.4325627088546753, -0.5657002925872803, 7000.0, 7000.0, 7000.0, 7000.0, 7.5335164070129395, 4.310644626617432
18849, -1.02852201461792, -0.33104413747787476, -0.01996256224811077, 0.11827123165130615, -1.4666454792022705, -0.6366007924079895, 7000.0, 7000.0, 7000.0, 7000.0, 7.504458427429199, 4.400448799133301
18869, -1.0280991792678833, -0.330507755279541, -0.013322046026587486, 0.12208784371614456, -1.447122573852539, -0.5800507068634033, 7000.0, 7000.0, 7000.0, 7000.0, 7.514174938201904, 4.36616849899292
18889, -1.028234839439392, -0.3329225480556488, -0.017748678103089333, 0.11924851685762405, -1.468841552734375, -0.6094604730606079, 7000.0, 7000.0, 7000.0, 7000.0, 7.560347080230713, 4.257219314575195
18909, -1.0280545949935913, -0.33694136142730713, -0.008108243346214294, 0.12085314840078354, -1.516855001449585, -0.5384725332260132, 7000.0, 7000.0, 7000.0, 7000.0, 7.538568019866943, 4.323281764984131
18929, -1.0281715393066406, -0.3383384346961975, -0.018563203513622284, 0.11915488541126251, -1.5189982652664185, -0.6123384833335876, 7000.0, 7000.0, 7000.0, 7000.0, 7.517869472503662, 4.387875080108643
18949, -1.0270769596099854, -0.3462417423725128, -0.016370609402656555, 0.1288370043039322, -1.587917447090149, -0.6000635623931885, 7000.0, 7000.0, 7000.0, 7000.0, 7.499414920806885, 4.4742631912231445
18969, -1.0270633697509766, -0.3465965986251831, -0.023465929552912712, 0.1271858513355255, -1.579859972000122, -0.644637405872345, 7000.0, 7000.0, 7000.0, 7000.0, 7.476746559143066, 4.4892578125
18991, -1.0269794464111328, -0.34953901171684265, -0.012382478453218937, 0.1283685266971588, -1.622564673423767, -0.5616522431373596, 7000.0, 7000.0, 7000.0, 7000.0, 7.503063201904297, 4.530398368835449
19009, -1.0266932249069214, -0.3550974130630493, -0.021438246592879295, 0.12816601991653442, -1.6394237279891968, -0.6275399327278137, 7000.0, 7000.0, 7000.0, 7000.0, 7.48618221282959, 4.542853832244873
19030, -1.0271470546722412, -0.3574136197566986, -0.030311837792396545, 0.12272241711616516, -1.6493360996246338, -0.6856404542922974, 7000.0, 7000.0, 7000.0, 7000.0, 7.511363506317139, 4.6531453132629395
19050, -1.0269083976745605, -0.3522969186306, -0.0178532712161541, 0.12717513740062714, -1.6292856931686401, -0.6108935475349426, 7000.0, 7000.0, 7000.0, 7000.0, 7.5266852378845215, 4.604290008544922
19072, -1.027231216430664, -0.35322126746177673, -0.015123861841857433, 0.12392636388540268, -1.6479305028915405, -0.6008987426757812, 7000.0, 7000.0, 7000.0, 7000.0, 7.527955532073975, 4.6433539390563965
19089, -1.0262823104858398, -0.3627151548862457, -0.021840043365955353, 0.1290772706270218, -1.6844483613967896, -0.6505789756774902, 7000.0, 7000.0, 7000.0, 7000.0, 7.572994709014893, 4.667715072631836
19110, -1.0260422229766846, -0.36249738931655884, -0.03119359351694584, 0.13076263666152954, -1.6657811403274536, -0.7083410024642944, 7000.0, 7000.0, 7000.0, 7000.0, 7.543117046356201, 4.7075676918029785
19130, -1.0254714488983154, -0.36151760816574097, -0.01672867126762867, 0.13755160570144653, -1.6717742681503296, -0.61383455991745, 7000.0, 7000.0, 7000.0, 7000.0, 7.518085479736328, 4.68403434753418
19149, -1.0251015424728394, -0.36639297008514404, -0.033007510006427765, 0.13733366131782532, -1.680055022239685, -0.6849926114082336, 7000.0, 7000.0, 7000.0, 7000.0, 7.5301079750061035, 4.584444046020508
19171, -1.0250017642974854, -0.3652810752391815, -0.022165486589074135, 0.13851100206375122, -1.6855250597000122, -0.6580111980438232, 7000.0, 7000.0, 7000.0, 7000.0, 7.486335277557373, 4.623300552368164
19189, -1.0253660678863525, -0.3647925555706024, -0.02778797037899494, 0.1336519569158554, -1.670480728149414, -0.7003964781761169, 7000.0, 7000.0, 7000.0, 7000.0, 7.518836498260498, 4.6374592781066895
19211, -1.0257256031036377, -0.3572143316268921, -0.014886585995554924, 0.13370800018310547, -1.633449673652649, -0.621374785900116, 7000.0, 7000.0, 7000.0, 7000.0, 7.551420211791992, 4.676699638366699
19231, -1.0262839794158936, -0.3584691286087036, -0.021119503304362297, 0.1259358823299408, -1.6291171312332153, -0.6651998162269592, 7000.0, 7000.0, 7000.0, 7000.0, 7.554513931274414, 4.656405448913574
19250, -1.025126576423645, -0.36904990673065186, -0.015609907917678356, 0.13457505404949188, -1.6927680969238281, -0.6292116641998291, 7000.0, 7000.0, 7000.0, 7000.0, 7.608179092407227, 4.707889556884766
19272, -1.0260518789291382, -0.3630026578903198, -0.026186060160398483, 0.12600894272327423, -1.629220962524414, -0.7091572880744934, 7000.0, 7000.0, 7000.0, 7000.0, 7.605127334594727, 4.662984848022461
19289, -1.0262129306793213, -0.3570267856121063, -0.03154127672314644, 0.12574580311775208, -1.590926170349121, -0.7487460374832153, 7000.0, 7000.0, 7000.0, 7000.0, 7.622945785522461, 4.72398042678833
19310, -1.0271048545837402, -0.35060563683509827, -0.027489058673381805, 0.1191217228770256, -1.5597878694534302, -0.7318510413169861, 7000.0, 7000.0, 7000.0, 7000.0, 7.608551025390625, 4.7182087898254395
19330, -1.0267983675003052, -0.35487455129623413, -0.04623396694660187, 0.11965157836675644, -1.5619137287139893, -0.8514612913131714, 7000.0, 7000.0, 7000.0, 7000.0, 7.60806941986084, 4.805340766906738
19350, -1.0265185832977295, -0.36021026968955994, -0.02775273472070694, 0.12311682850122452, -1.6207109689712524, -0.6920480132102966, 7000.0, 7000.0, 7000.0, 7000.0, 7.592065811157227, 4.815319538116455
19369, -1.026106357574463, -0.36083078384399414, -0.03901258111000061, 0.1258358359336853, -1.5932706594467163, -0.7555132508277893, 7000.0, 7000.0, 7000.0, 7000.0, 7.614160537719727, 4.842068672180176
19389, -1.026595950126648, -0.35424327850341797, -0.025963855907320976, 0.12327132374048233, -1.541386365890503, -0.6379312872886658, 7000.0, 7000.0, 7000.0, 7000.0, 7.649974346160889, 4.6710205078125
19410, -1.0276497602462769, -0.3515610992908478, -0.03231312334537506, 0.11154767125844955, -1.5114985704421997, -0.6798552870750427, 7000.0, 7000.0, 7000.0, 7000.0, 7.69026517868042, 4.592078685760498
19430, -1.0271743535995483, -0.351519912481308, -0.017472263425588608, 0.11861630529165268, -1.5188792943954468, -0.5484995245933533, 7000.0, 7000.0, 7000.0, 7000.0, 7.700128555297852, 4.667060375213623
19449, -1.0277289152145386, -0.3486284017562866, -0.023945411667227745, 0.11323048174381256, -1.4933568239212036, -0.5948944687843323, 7000.0, 7000.0, 7000.0, 7000.0, 7.698473930358887, 4.644194602966309
19469, -1.027151107788086, -0.35219141840934753, -0.01796114444732666, 0.12001700699329376, -1.5392667055130005, -0.5449107885360718, 7000.0, 7000.0, 7000.0, 7000.0, 7.701528072357178, 4.706432819366455
19491, -1.0276732444763184, -0.35274243354797363, -0.026261650025844574, 0.1140226274728775, -1.532406210899353, -0.6099035143852234, 7000.0, 7000.0, 7000.0, 7000.0, 7.641122817993164, 4.66361665725708
19511, -1.0283148288726807, -0.3364751935005188, -0.02750534377992153, 0.11331409960985184, -1.4290403127670288, -0.620851457118988, 7000.0, 7000.0, 7000.0, 7000.0, 7.66114616394043, 4.816075325012207
19530, -1.0283089876174927, -0.3441459536552429, -0.02149444818496704, 0.11171786487102509, -1.489713191986084, -0.5778893828392029, 7000.0, 7000.0, 7000.0, 7000.0, 7.640963077545166, 4.77326774597168
19549, -1.0290520191192627, -0.33349326252937317, -0.03124423697590828, 0.10818400979042053, -1.4232045412063599, -0.6634832620620728, 7000.0, 7000.0, 7000.0, 7000.0, 7.609532356262207, 4.906448841094971
19569, -1.0277700424194336, -0.349042683839798, -0.02834610641002655, 0.11755119264125824, -1.5342178344726562, -0.6375924348831177, 7000.0, 7000.0, 7000.0, 7000.0, 7.593947410583496, 4.859286785125732
19589, -1.0284488201141357, -0.34037113189697266, -0.034008875489234924, 0.11251457780599594, -1.4758373498916626, -0.671534538269043, 7000.0, 7000.0, 7000.0, 7000.0, 7.601356506347656, 4.910369396209717
19610, -1.028946042060852, -0.3306977152824402, -0.020433517172932625, 0.11266928911209106, -1.4278717041015625, -0.5778745412826538, 7000.0, 7000.0, 7000.0, 7000.0, 7.6153035163879395, 4.936674118041992
19630, -1.0297701358795166, -0.3244907557964325, -0.02912345714867115, 0.10490810126066208, -1.359957218170166, -0.6417612433433533, 7000.0, 7000.0, 7000.0, 7000.0, 7.683675289154053, 4.7568769454956055
19650, -1.0283595323562622, -0.3424038290977478, -0.03082512691617012, 0.11540523916482925, -1.4983606338500977, -0.6403567790985107, 7000.0, 7000.0, 7000.0, 7000.0, 7.687530517578125, 4.686716556549072
19669, -1.0293055772781372, -0.32662883400917053, -0.03477272018790245, 0.11095468699932098, -1.4028815031051636, -0.6702896952629089, 7000.0, 7000.0, 7000.0, 7000.0, 7.638172149658203, 4.7684807777404785
19689, -1.02875816822052, -0.3353560268878937, -0.023308658972382545, 0.11697731167078018, -1.5024691820144653, -0.5668140649795532, 7000.0, 7000.0, 7000.0, 7000.0, 7.626529216766357, 4.781841278076172
19709, -1.029001235961914, -0.3319106996059418, -0.0282195545732975, 0.11420781165361404, -1.4668331146240234, -0.6016635298728943, 7000.0, 7000.0, 7000.0, 7000.0, 7.622780799865723, 4.791681289672852
19729, -1.0280449390411377, -0.3358297348022461, -0.018168579787015915, 0.125421404838562, -1.5255810022354126, -0.5258797407150269, 7000.0, 7000.0, 7000.0, 7000.0, 7.588160514831543, 4.854971885681152
19749, -1.0281985998153687, -0.33337917923927307, -0.027605988085269928, 0.12336623668670654, -1.496740460395813, -0.6052956581115723, 7000.0, 7000.0, 7000.0, 7000.0, 7.548549652099609, 4.828337669372559
19769, -1.0285680294036865, -0.32922422885894775, -0.03178607299923897, 0.11879705637693405, -1.4317153692245483, -0.6248288750648499, 7000.0, 7000.0, 7000.0, 7000.0, 7.605221271514893, 4.826508045196533
19789, -1.0287758111953735, -0.3287917375564575, -0.02397707849740982, 0.11623690277338028, -1.411687970161438, -0.5787009596824646, 7000.0, 7000.0, 7000.0, 7000.0, 7.696226119995117, 4.628433704376221
19810, -1.0299793481826782, -0.31933820247650146, -0.025025561451911926, 0.10611408203840256, -1.3250125646591187, -0.5832729339599609, 7000.0, 7000.0, 7000.0, 7000.0, 7.751869201660156, 4.400937080383301
19830, -1.0299932956695557, -0.32020124793052673, -0.013410661369562149, 0.10660786926746368, -1.3274480104446411, -0.5009686946868896, 7000.0, 7000.0, 7000.0, 7000.0, 7.808359146118164, 4.216272354125977
19849, -1.029866099357605, -0.3208507001399994, -0.02781708538532257, 0.10790348052978516, -1.3413236141204834, -0.6087684035301208, 7000.0, 7000.0, 7000.0, 7000.0, 7.806609630584717, 4.199697971343994
19869, -1.0302966833114624, -0.3161923587322235, -0.013703794218599796, 0.10845798999071121, -1.3578046560287476, -0.5106160044670105, 7000.0, 7000.0, 7000.0, 7000.0, 7.746070384979248, 4.22260856628418
19889, -1.029797911643982, -0.31928545236587524, -0.01839928887784481, 0.11193643510341644, -1.3767544031143188, -0.5397526025772095, 7000.0, 7000.0, 7000.0, 7000.0, 7.728420734405518, 4.381914138793945
19909, -1.0295047760009766, -0.32590189576148987, -0.017139645293354988, 0.11468208581209183, -1.448445200920105, -0.5403468012809753, 7000.0, 7000.0, 7000.0, 7000.0, 7.694756507873535, 4.464634895324707
19930, -1.0292633771896362, -0.3281498849391937, -0.026023034006357193, 0.11681430786848068, -1.469902753829956, -0.6053001880645752, 7000.0, 7000.0, 7000.0, 7000.0, 7.658529281616211, 4.52983283996582
19949, -1.0279968976974487, -0.3361160159111023, -0.018445195630192757, 0.12807892262935638, -1.5464180707931519, -0.5450463891029358, 7000.0, 7000.0, 7000.0, 7000.0, 7.634138584136963, 4.601672649383545
19969, -1.0280319452285767, -0.338012158870697, -0.02797827310860157, 0.12566478550434113, -1.5552113056182861, -0.6148850917816162, 7000.0, 7000.0, 7000.0, 7000.0, 7.615292549133301, 4.549048900604248
19991, -1.0280234813690186, -0.33558791875839233, -0.012606801465153694, 0.12772497534751892, -1.565387487411499, -0.5010841488838196, 7000.0, 7000.0, 7000.0, 7000.0, 7.6182780265808105, 4.608965873718262
20009, -1.027086615562439, -0.3496716022491455, -0.0221405029296875, 0.13047997653484344, -1.6331851482391357, -0.5782026648521423, 7000.0, 7000.0, 7000.0, 7000.0, 7.641423225402832, 4.608963489532471
20030, -1.027687430381775, -0.3402562737464905, -0.021661881357431412, 0.12645076215267181, -1.5705763101577759, -0.5734986066818237, 7000.0, 7000.0, 7000.0, 7000.0, 7.624475002288818, 4.690439701080322
20050, -1.025513768196106, -0.35617464780807495, -0.026667794212698936, 0.14251014590263367, -1.6668527126312256, -0.6301150321960449, 7000.0, 7000.0, 7000.0, 7000.0, 7.641409397125244, 4.706849098205566
20069, -1.0259194374084473, -0.35133638978004456, -0.03195945918560028, 0.1380852907896042, -1.6269816160202026, -0.6682482957839966, 7000.0, 7000.0, 7000.0, 7000.0, 7.600701332092285, 4.66552209854126
20089, -1.0253149271011353, -0.35725435614585876, -0.022413907572627068, 0.14168120920658112, -1.6660239696502686, -0.607401430606842, 7000.0, 7000.0, 7000.0, 7000.0, 7.620059013366699, 4.689955234527588
20111, -1.0259771347045898, -0.3475068509578705, -0.022428981959819794, 0.13685691356658936, -1.6021862030029297, -0.6152477860450745, 7000.0, 7000.0, 7000.0, 7000.0, 7.642212867736816, 4.738945484161377
20129, -1.0252317190170288, -0.3612271845340729, -0.01938352920114994, 0.13868020474910736, -1.6806999444961548, -0.6008895635604858, 7000.0, 7000.0, 7000.0, 7000.0, 7.608503341674805, 4.72121000289917
20150, -1.025550127029419, -0.35438042879104614, -0.02443240024149418, 0.13618381321430206, -1.6238325834274292, -0.6476337909698486, 7000.0, 7000.0, 7000.0, 7000.0, 7.63804292678833, 4.775063514709473
20172, -1.026415467262268, -0.3525084853172302, -0.01326935738325119, 0.1288045048713684, -1.6219676733016968, -0.5840991139411926, 7000.0, 7000.0, 7000.0, 7000.0, 7.670138835906982, 4.792928218841553
20191, -1.0258606672286987, -0.3525630235671997, -0.023661483079195023, 0.1337500512599945, -1.614307165145874, -0.6635863780975342, 7000.0, 7000.0, 7000.0, 7000.0, 7.6850690841674805, 4.792356014251709
20210, -1.0251481533050537, -0.36234116554260254, -0.01840282790362835, 0.1382787823677063, -1.683660864830017, -0.630230188369751, 7000.0, 7000.0, 7000.0, 7000.0, 7.634224891662598, 4.789102077484131
20230, -1.0263116359710693, -0.35595422983169556, -0.019130889326334, 0.12797364592552185, -1.6370755434036255, -0.6414126753807068, 7000.0, 7000.0, 7000.0, 7000.0, 7.653700351715088, 4.759586811065674
20249, -1.0268605947494507, -0.35062065720558167, -0.03491583094000816, 0.12299622595310211, -1.5723295211791992, -0.7464669942855835, 7000.0, 7000.0, 7000.0, 7000.0, 7.695224285125732, 4.847672939300537
20271, -1.0267786979675293, -0.3432556688785553, -0.01859293505549431, 0.1263459175825119, -1.506501317024231, -0.636984646320343, 7000.0, 7000.0, 7000.0, 7000.0, 7.748311519622803, 4.673792362213135
20289, -1.0267038345336914, -0.3459312915802002, -0.026388350874185562, 0.12521223723888397, -1.5070452690124512, -0.6808391809463501, 7000.0, 7000.0, 7000.0, 7000.0, 7.777050971984863, 4.375345706939697
20309, -1.0258265733718872, -0.3537836968898773, -0.024562347680330276, 0.13096731901168823, -1.558885931968689, -0.6705307364463806, 7000.0, 7000.0, 7000.0, 7000.0, 7.782912254333496, 4.424072742462158
20330, -1.0261449813842773, -0.3550773859024048, -0.02732706256210804, 0.12750905752182007, -1.5711134672164917, -0.6792764663696289, 7000.0, 7000.0, 7000.0, 7000.0, 7.769824028015137, 4.433834552764893
20350, -1.0261281728744507, -0.3562214970588684, -0.018229715526103973, 0.1280813068151474, -1.6001591682434082, -0.6141692399978638, 7000.0, 7000.0, 7000.0, 7000.0, 7.744842529296875, 4.445584297180176
20370, -1.0255433320999146, -0.3560170829296112, -0.02782251313328743, 0.13277406990528107, -1.589633822441101, -0.6735740303993225, 7000.0, 7000.0, 7000.0, 7000.0, 7.780306339263916, 4.583223342895508
20389, -1.0256142616271973, -0.36249998211860657, -0.02053750492632389, 0.13095083832740784, -1.647455096244812, -0.6224876046180725, 7000.0, 7000.0, 7000.0, 7000.0, 7.796627044677734, 4.589169502258301
20410, -1.0252712965011597, -0.3622135818004608, -0.02965986169874668, 0.13341397047042847, -1.6322449445724487, -0.6802676916122437, 7000.0, 7000.0, 7000.0, 7000.0, 7.763224124908447, 4.6275858879089355
20430, -1.0253174304962158, -0.37116897106170654, -0.02117142453789711, 0.1315947026014328, -1.7014309167861938, -0.6245123147964478, 7000.0, 7000.0, 7000.0, 7000.0, 7.782532215118408, 4.687918663024902
20450, -1.0265215635299683, -0.353226900100708, -0.018644191324710846, 0.12611772119998932, -1.5975220203399658, -0.6173089146614075, 7000.0, 7000.0, 7000.0, 7000.0, 7.741546630859375, 4.609484672546387
20475, -1.0269114971160889, -0.35476964712142944, -0.012394947931170464, 0.12125987559556961, -1.615226149559021, -0.5676690936088562, 7000.0, 7000.0, 7000.0, 7000.0, 7.742502212524414, 4.714371681213379
20491, -1.0262614488601685, -0.35524240136146545, -0.013842612504959106, 0.12824012339115143, -1.5955556631088257, -0.5745577812194824, 47478.0, 50911.0, 34513.0, 27864.0, 7.781957626342773, 4.760717391967773
20511, -1.0264358520507812, -0.35745909810066223, -0.023248819634318352, 0.12203168869018555, -1.5748121738433838, -0.6437312364578247, 47181.0, 50137.0, 32795.0, 27693.0, 7.7865824699401855, 4.799758434295654
20530, -1.0272266864776611, -0.35334447026252747, -0.011542173102498055, 0.11343269050121307, -1.5488563776016235, -0.5512593984603882, 49364.0, 52240.0, 34954.0, 30202.0, 7.807767391204834, 4.705542087554932
20549, -1.0288797616958618, -0.34523677825927734, -0.013909520581364632, 0.09712007641792297, -1.49922513961792, -0.5317175388336182, 49271.0, 51399.0, 33719.0, 28449.0, 7.875737190246582, 4.729130744934082
20570, -1.0275331735610962, -0.3501283526420593, -0.010006132535636425, 0.11422956734895706, -1.567201852798462, -0.4574788212776184, 50242.0, 52102.0, 33831.0, 30035.0, 8.038869857788086, 4.782466888427734
20589, -1.031814455986023, -0.3435555100440979, -0.006322524044662714, 0.0688827857375145, -1.5293492078781128, -0.36493194103240967, 44277.0, 44668.0, 39345.0, 37212.0, 8.446294784545898, 4.50770378112793
20610, -1.033815860748291, -0.338979035615921, 0.0013558954233303666, 0.05084143951535225, -1.4794529676437378, -0.22947871685028076, 35895.0, 33024.0, 46753.0, 39133.0, 9.124512672424316, 4.325672149658203
20630, -1.0364089012145996, -0.32936879992485046, 0.005536852870136499, 0.023835787549614906, -1.3433500528335571, -0.1448686420917511, 35952.0, 33138.0, 45738.0, 41299.0, 9.89344310760498, 3.637120008468628
20649, -1.038934588432312, -0.30527594685554504, 0.016398072242736816, 0.000316741643473506, -1.069198489189148, -0.02809797413647175, 33011.0, 23176.0, 39582.0, 43648.0, 10.250530242919922, 2.97499680519104
20671, -1.0396742820739746, -0.29017388820648193, 0.01640096679329872, 0.0009980561444535851, -0.8561177849769592, -0.005783737171441317, 35224.0, 21941.0, 37453.0, 44853.0, 10.493931770324707, 1.0229195356369019
20689, -1.0398286581039429, -0.2845034897327423, 0.031452011317014694, 0.006345184054225683, -0.8232868909835815, 0.15803378820419312, 39011.0, 24416.0, 25044.0, 40632.0, 10.411463737487793, -1.548669695854187
20711, -1.041019320487976, -0.2567377984523773, 0.03149043768644333, 0.007289994973689318, -0.5266842246055603, 0.15172311663627625, 40968.0, 24920.0, 26063.0, 37416.0, 10.090636253356934, -4.217929840087891
20731, -1.0399837493896484, -0.24235521256923676, 0.029990054666996002, 0.03293435275554657, -0.37988555431365967, 0.11782809346914291, 33547.0, 17008.0, 27325.0, 36242.0, 9.791035652160645, -6.027862548828125
20750, -1.035590648651123, -0.22412405908107758, 0.05148719623684883, 0.09110331535339355, -0.2590317130088806, 0.268699049949646, 34788.0, 15190.0, 30963.0, 34969.0, 9.479125022888184, -7.556467533111572
20769, -1.0335248708724976, -0.20298810303211212, 0.05026025325059891, 0.11057771742343903, -0.12275351583957672, 0.18007589876651764, 33158.0, 7000.0, 26563.0, 30194.0, 9.721281051635742, -8.124601364135742
20789, -1.0282992124557495, -0.16053993999958038, 0.058209940791130066, 0.12201285362243652, 0.13111796975135803, -0.12445146590471268, 24076.0, 45777.0, 7000.0, 48406.0, 7.565170764923096, -8.236262321472168
20809, -1.0212072134017944, -0.14439116418361664, 0.023272929713129997, 0.16220085322856903, 0.17374122142791748, -0.676489531993866, 7000.0, 25291.0, 7000.0, 60888.0, 2.019057273864746, -11.57353687286377
20829, -1.0032669305801392, -0.14384698867797852, 0.16524454951286316, 0.2755598723888397, 0.2369636744260788, 0.24928848445415497, 11370.0, 37209.0, 11370.0, 65535.0, -18.416507720947266, -16.173498153686523
20849, -0.9979899525642395, -0.13544946908950806, 0.17115455865859985, 0.29895123839378357, 0.2862384021282196, 0.10056436061859131, 7000.0, 25115.0, 7000.0, 60463.0, -36.85200500488281, -16.95894432067871
20869, -0.9881015419960022, -0.1074029877781868, 0.17981183528900146, 0.3907957077026367, 0.49442043900489807, -0.01103950571268797, 7000.0, 25024.0, 7000.0, 60244.0, -54.10736846923828, -7.763290882110596
20889, -0.9665858745574951, -0.05979916825890541, 0.16555766761302948, 0.6532298922538757, 0.7569139003753662, -0.42980679869651794, 7000.0, 24906.0, 7000.0, 59961.0, -70.68107604980469, 10.709961891174316
20909, -0.940851628780365, -0.028232544660568237, 0.10593109577894211, 0.8873161673545837, 0.7226346135139465, -1.2013081312179565, 7000.0, 27977.0, 7000.0, 61185.0, -80.6434555053711, 37.89048767089844
20929, -0.9205242991447449, -0.010162134654819965, 0.07428210973739624, 0.9155834913253784, 0.7242647409439087, -1.5534173250198364, 13954.0, 38355.0, 13954.0, 65535.0, -69.43260955810547, 67.98788452148438
20949, -0.8952059745788574, 0.07652568817138672, 0.14727915823459625, 1.0137481689453125, 1.2799184322357178, -1.069836974143982, 49480.0, 62525.0, 7000.0, 63818.0, 43.61589813232422, 72.2059326171875
20969, -0.8900419473648071, 0.177374467253685, 0.09475074708461761, 1.0203813314437866, 1.8594626188278198, -1.5437895059585571, 45187.0, 59608.0, 7000.0, 59608.0, 74.00626373291016, 37.94340133666992
20989, -0.8874579071998596, 0.2570972144603729, 0.052455611526966095, 0.9994601607322693, 2.3353962898254395, -1.980678915977478, 45898.0, 60479.0, 7000.0, 60479.0, 82.19818878173828, -1.9209109544754028
21009, -0.8004363179206848, 0.4221380949020386, 0.09991208463907242, 1.5001040697097778, 3.5375194549560547, -1.770168662071228, 46617.0, 60684.0, 7000.0, 65535.0, 91.89703369140625, -40.74650192260742
21029, -0.768133819103241, 0.49618643522262573, 0.06322188675403595, 1.6041446924209595, 3.894902229309082, -2.014179229736328, 65535.0, 7000.0, 65535.0, 52215.0, 112.03546905517578, -73.55598449707031
21049, -0.7236241102218628, 0.6132706999778748, 0.04406390339136124, 1.6811206340789795, 4.340930461883545, -2.030829906463623, 65535.0, 22823.0, 41679.0, 22823.0, -177.53033447265625, -74.6108627319336
21069, -0.6798300743103027, 0.6364655494689941, 0.14395678043365479, 1.5252766609191895, 3.8892736434936523, -0.7716786861419678, 52042.0, 65535.0, 7000.0, 65535.0, -112.03314208984375, -62.801387786865234
21089, -0.6538923978805542, 0.6477116346359253, 0.13614042103290558, 1.5403040647506714, 2.8766050338745117, -0.5080051422119141, 7000.0, 65535.0, 51967.0, 65535.0, -84.66690063476562, -46.544227600097656
21109, -0.6223287582397461, 0.7107436656951904, 0.13265125453472137, 1.6037321090698242, 2.72054386138916, -0.5446823239326477, 7000.0, 35429.0, 7000.0, 65535.0, -62.812992095947266, -64.65972137451172
21129, -0.5829980969429016, 0.7879844903945923, 0.13820768892765045, 1.6281055212020874, 2.8154382705688477, -0.5906955003738403, 7000.0, 35583.0, 7000.0, 65535.0, -43.650672912597656, -62.56615447998047
21149, -0.5374228954315186, 0.8607105612754822, 0.1499122679233551, 1.6515288352966309, 2.8641092777252197, -0.605423629283905, 9490.0, 36257.0, 9490.0, 65535.0, -36.81198501586914, -53.33440399169922
21169, -0.4884865880012512, 0.9155397415161133, 0.16237479448318481, 1.6686673164367676, 2.8355538845062256, -0.6490688920021057, 11073.0, 36953.0, 11073.0, 65535.0, -31.799039840698242, -43.63269805908203
21189, -0.4366227984428406, 0.9498128294944763, 0.17335300147533417, 1.686429738998413, 2.7898945808410645, -0.7667529582977295, 10621.0, 36783.0, 10621.0, 65535.0, -28.752758026123047, -34.572959899902344
21209, -0.394558846950531, 1.0031242370605469, 0.16936831176280975, 1.7000850439071655, 2.60520339012146, -0.7907630205154419, 7000.0, 62177.0, 34321.0, 52954.0, -26.130186080932617, -29.036020278930664
21229, -0.35598036646842957, 1.0511375665664673, 0.16813033819198608, 1.669714331626892, 1.7447136640548706, -0.4163704216480255, 25299.0, 35720.0, 25299.0, 65535.0, -18.9822998046875, -30.975412368774414
21249, -0.3161737024784088, 1.0987944602966309, 0.1699623018503189, 1.6692545413970947, 1.823138952255249, -0.5837630033493042, 23527.0, 26721.0, 23527.0, 62664.0, -22.50489616394043, -28.92661476135254
21269, -0.27574795484542847, 1.1487327814102173, 0.16974429786205292, 1.662634015083313, 1.8432446718215942, -0.7133544683456421, 26225.0, 26232.0, 26225.0, 62134.0, -25.22333335876465, -28.204387664794922
21289, -0.23986658453941345, 1.1786370277404785, 0.16079437732696533, 1.6429271697998047, 1.7501643896102905, -0.8441843390464783, 27556.0, 30644.0, 27556.0, 63926.0, -27.755704879760742, -28.08186912536621
21309, -0.2034575492143631, 1.2122753858566284, 0.1488320529460907, 1.6377441883087158, 1.5434006452560425, -0.91093510389328, 7000.0, 54538.0, 47195.0, 54538.0, -27.070688247680664, -30.033750534057617
21329, -0.14673231542110443, 1.2660002708435059, 0.16028879582881927, 1.6506538391113281, 1.1966824531555176, -0.7796598672866821, 28279.0, 36288.0, 28279.0, 65535.0, -20.814306259155273, -33.90141677856445
21349, -0.09933146834373474, 1.3032883405685425, 0.1621888279914856, 1.6590070724487305, 1.18718421459198, -0.8917989730834961, 18983.0, 36915.0, 18983.0, 65535.0, -22.40086555480957, -32.71178436279297
21369, -0.050342924892902374, 1.3422025442123413, 0.1634087860584259, 1.6633555889129639, 1.003097414970398, -0.9075493812561035, 23873.0, 36481.0, 23873.0, 65535.0, -20.69175148010254, -32.59425735473633
21389, 0.005382191389799118, 1.3803988695144653, 0.1742316335439682, 1.6658952236175537, 0.8243223428726196, -0.8988495469093323, 25491.0, 37024.0, 25491.0, 65535.0, -22.224599838256836, -32.17164993286133
21409, 0.04841303825378418, 1.4026870727539062, 0.1669985055923462, 1.6637450456619263, 0.6763184666633606, -0.9769546985626221, 25926.0, 36842.0, 25926.0, 65535.0, -21.69608497619629, -32.444034576416016
21429, 0.09279075264930725, 1.4236961603164673, 0.15937797725200653, 1.6636772155761719, 0.5051366090774536, -1.039076328277588, 21768.0, 39029.0, 21768.0, 65535.0, -22.111509323120117, -32.15129470825195
21449, 0.1259804219007492, 1.432241678237915, 0.1374371200799942, 1.6546992063522339, 0.3405150771141052, -1.1503163576126099, 24154.0, 39385.0, 24154.0, 65535.0, -21.829362869262695, -31.95541763305664
21469, 0.18557652831077576, 1.4508451223373413, 0.14117661118507385, 1.6674752235412598, 0.1581479012966156, -1.1857162714004517, 7000.0, 7000.0, 7000.0, 7000.0, -22.303869247436523, -31.873905181884766
21489, 0.21892434358596802, 1.4524569511413574, 0.11624134331941605, 1.6622079610824585, -0.014211542904376984, -1.301910638809204, 0.0, 0.0, 0.0, 0.0, -22.14678955078125, -31.649866104125977
21509, 0.2997852861881256, 1.467289686203003, 0.13479578495025635, 1.6983774900436401, -0.1962035894393921, -1.2897765636444092, 0.0, 0.0, 0.0, 0.0, -22.351957321166992, -31.582834243774414
21529, 0.33359062671661377, 1.4615908861160278, 0.10793927311897278, 1.6817271709442139, -0.37800467014312744, -1.3933660984039307, 0.0, 0.0, 0.0, 0.0, -22.50859260559082, -31.300317764282227
21549, 0.36707037687301636, 1.4522755146026611, 0.07894644886255264, 1.6632188558578491, -0.5581763982772827, -1.5044705867767334, 0.0, 0.0, 0.0, 0.0, -22.596521377563477, -31.278078079223633
21569, 0.40019750595092773, 1.4393380880355835, 0.047815363854169846, 1.650781273841858, -0.7347157001495361, -1.6113884449005127, 0.0, 0.0, 0.0, 0.0, -22.78829574584961, -31.266725540161133
21589, 0.4892619550228119, 1.4282258749008179, 0.06908798962831497, 1.701169490814209, -0.9408252239227295, -1.5659711360931396, 0.0, 0.0, 0.0, 0.0, -22.787368774414062, -31.27332305908203
21609, 0.5248390436172485, 1.4065381288528442, 0.03506245091557503, 1.6842765808105469, -1.128743290901184, -1.6745282411575317, 0.0, 0.0, 0.0, 0.0, -23.142532348632812, -30.994176864624023
21629, 0.5940060615539551, 1.3726366758346558, 0.048709720373153687, 1.7139276266098022, -1.3383318185806274, -1.6186007261276245, 0.0, 0.0, 0.0, 0.0, -23.236291885375977, -30.983272552490234
21649, 0.6508266925811768, 1.3343719244003296, 0.051803141832351685, 1.7257030010223389, -1.5390018224716187, -1.5933407545089722, 0.0, 0.0, 0.0, 0.0, -23.614500045776367, -30.621105194091797
21669, 0.6937349438667297, 1.2784632444381714, 0.05216008052229881, 1.72308349609375, -1.7551026344299316, -1.5412238836288452, 0.0, 0.0, 0.0, 0.0, -23.961549758911133, -30.258678436279297
21689, 0.728070080280304, 1.2416479587554932, 0.020372262224555016, 1.7077829837799072, -1.9295446872711182, -1.6341755390167236, 0.0, 0.0, 0.0, 0.0, -24.383594512939453, -29.76848602294922
21709, 0.7480366826057434, 1.128467082977295, 0.04757717624306679, 1.6891353130340576, -2.197161912918091, -1.3946661949157715, 0.0, 0.0, 0.0, 0.0, -24.465797424316406, -29.757625579833984
21729, 0.7497555017471313, 1.005273461341858, 0.06650843471288681, 1.6531765460968018, -2.4456050395965576, -1.1678920984268188, 0.0, 0.0, 0.0, 0.0, -25.340211868286133, -28.573728561401367
21749, 0.7578787803649902, 0.8956305980682373, 0.06562905758619308, 1.6227645874023438, -2.674029588699341, -1.0586341619491577, 0.0, 0.0, 0.0, 0.0, -26.160139083862305, -27.388917922973633
21769, 0.7901901006698608, 0.840543270111084, 0.043711982667446136, 1.6092675924301147, -2.836008071899414, -1.1289024353027344, 0.0, 0.0, 0.0, 0.0, -26.69837760925293, -26.72234344482422
21789, 0.8222428560256958, 0.782232940196991, 0.020387766882777214, 1.595556616783142, -2.9972891807556152, -1.1981130838394165, 0.0, 0.0, 0.0, 0.0, -26.77215576171875, -26.700119018554688
21809, 0.7797244191169739, 0.4760901629924774, 0.07354719191789627, 1.5801196098327637, -3.4018332958221436, -0.6556370258331299, 0.0, 0.0, 0.0, 0.0, -26.852428436279297, -26.663198471069336
21829, 0.81122887134552, 0.40656033158302307, 0.05980842560529709, 1.5695686340332031, -3.5520925521850586, -0.7129030823707581, 0.0, 0.0, 0.0, 0.0, -28.511817932128906, -25.11063003540039
21849, 0.8043224811553955, 0.162497878074646, 0.09151402115821838, 1.5732688903808594, -3.873375177383423, -0.39477434754371643, 0.0, 0.0, 0.0, 0.0, -28.57439422607422, -25.0924015045166
21869, 0.80565345287323, -0.0538906566798687, 0.12235628813505173, 1.5762014389038086, -4.1402130126953125, -0.14222244918346405, 0.0, 0.0, 0.0, 0.0, -29.613567352294922, -24.32379722595215
21889, 0.7618234753608704, -0.21479532122612, 0.15870897471904755, 1.501412272453308, -4.272909641265869, 0.15346932411193848, 0.0, 0.0, 0.0, 0.0, -30.41741943359375, -23.706214904785156
21909, 0.7287469506263733, -0.29971444606781006, 0.1840781420469284, 1.4230419397354126, -4.315150260925293, 0.316500723361969, 0.0, 0.0, 0.0, 0.0